219674;24408.2;27150.7;3016.74
183025;20336.1;22621;2513.45
161390;17932.3;19947.1;2216.35
148011;16445.7;18293.5;2032.61
137339;15259.9;16974.5;1886.06
128764;14307.1;15914.6;1768.29
122519;13613.2;15142.7;1682.53
117394;13043.8;14509.3;1612.15
112656;12517.4;13923.8;1547.09
108378;12042;13395;1488.34
104777;11641.9;12949.9;1438.88
101519;11279.9;12547.3;1394.14
98627.3;10958.6;12189.9;1354.43
95961.8;10662.4;11860.4;1317.83
93484.2;10387.1;11554.2;1283.8
91174;10130.4;11268.7;1252.08
89082.9;9898.1;11010.3;1223.36
87156.5;9684.06;10772.2;1196.91
85351.9;9483.55;10549.1;1172.12
83634.2;9292.69;10336.8;1148.54
81991;9110.11;10133.7;1125.97
80434;8937.11;9941.28;1104.59
78968;8774.22;9760.08;1084.45
77569.5;8618.84;9587.25;1065.25
76248.9;8472.1;9424.02;1047.11
75000.5;8333.38;9269.72;1029.97
73820.7;8202.3;9123.9;1013.77
72696.1;8077.34;8984.91;998.323
71615.9;7957.32;8851.41;983.49
70585.6;7842.84;8724.06;969.34
69600.1;7733.35;8602.26;955.807
68647.9;7627.54;8484.57;942.73
67747.7;7527.52;8373.31;930.368
66914.9;7434.99;8270.38;918.932
66113;7345.89;8171.27;907.919
65332.8;7259.2;8074.84;897.204
64574.1;7174.9;7981.06;886.785
63831.5;7092.39;7889.29;876.588
63105.4;7011.72;7799.55;866.617
62405.3;6933.93;7713.02;857.002
61727.2;6858.57;7629.2;847.689
61069.6;6785.52;7547.93;838.659
60447.9;6716.44;7471.09;830.122
59848.7;6649.85;7397.02;821.892
59259.4;6584.38;7324.2;813.8
58686.8;6520.75;7253.42;805.935
58128.2;6458.69;7184.38;798.265
57583.6;6398.18;7117.07;790.786
57051.3;6339.03;7051.28;783.476
56530.1;6281.12;6986.86;776.318
56019.8;6224.42;6923.79;769.31
55523.2;6169.24;6862.42;762.491
55045.2;6116.13;6803.33;755.926
54580.9;6064.54;6745.95;749.55
54129.6;6014.4;6690.18;743.353
53691.3;5965.7;6636.01;737.334
53260.1;5917.79;6582.71;731.413
52830.8;5870.09;6529.65;725.517
52407.5;5823.05;6477.33;719.703
51992.7;5776.97;6426.07;714.007
51586.6;5731.84;6375.87;708.43
51186.9;5687.43;6326.47;702.941
50793.3;5643.7;6277.82;697.536
50404.3;5600.48;6229.75;692.194
50018.6;5557.62;6182.07;686.897
49638.9;5515.44;6135.15;681.683
49271.4;5474.6;6089.72;676.636
48914.6;5434.96;6045.63;671.736
48566.1;5396.23;6002.55;666.95
48223.5;5358.17;5960.21;662.245
47881.7;5320.19;5917.96;657.551
47543.8;5282.65;5876.2;652.911
47213.4;5245.94;5835.37;648.374
46884;5209.34;5794.65;643.851
46556.4;5172.93;5754.16;639.351
46230.4;5136.71;5713.87;634.875
45906.1;5100.68;5673.79;630.421
45584.7;5064.97;5634.06;626.007
45266;5029.56;5594.68;621.631
44952.4;4994.71;5555.91;617.324
44641.5;4960.16;5517.48;613.054
44334.2;4926.02;5479.5;608.834
44031.6;4892.4;5442.11;604.679
43732.8;4859.19;5405.17;600.575
43442.2;4826.91;5369.26;596.585
43156.3;4795.14;5333.92;592.658
42873.5;4763.72;5298.97;588.775
42595.3;4732.81;5264.59;584.954
42320.7;4702.3;5230.64;581.183
42047.7;4671.97;5196.91;577.434
41777.8;4641.98;5163.55;573.728
41510.1;4612.24;5130.47;570.052
41247.3;4583.04;5097.99;566.443
40986.6;4554.06;5065.75;562.862
40726.4;4525.15;5033.6;559.289
40467;4496.33;5001.54;555.726
40208.7;4467.63;4969.61;552.179
39951.4;4439.05;4937.82;548.646
39695.5;4410.61;4906.18;545.131
39443;4382.55;4874.97;541.664
39192.8;4354.75;4844.05;538.228
38945.1;4327.23;4813.44;534.826
38698.6;4299.85;4782.98;531.442
38453.4;4272.6;4752.67;528.074
38209.1;4245.45;4722.47;524.719
37965.8;4218.43;4692.41;521.379
37729.2;4192.13;4663.16;518.129
37496;4166.22;4634.34;514.926
37265.2;4140.58;4605.81;511.757
37037.2;4115.24;4577.63;508.625
36810.2;4090.02;4549.57;505.508
36584.4;4064.93;4521.66;502.407
36361.9;4040.22;4494.17;499.352
36142.6;4015.84;4467.06;496.34
35925.2;3991.69;4440.19;493.355
35708.8;3967.65;4413.45;490.383
35493.4;3943.71;4386.82;487.425
35280.2;3920.02;4360.48;484.497
35070;3896.67;4334.5;481.611
34860.4;3873.38;4308.59;478.733
34651.4;3850.16;4282.76;475.862
34443.2;3827.02;4257.02;473.003
34236.3;3804.03;4231.45;470.161
34030.8;3781.19;4206.05;467.339
33827.3;3758.59;4180.9;464.544
33627;3736.33;4156.15;461.794
33427.4;3714.16;4131.48;459.054
33228.5;3692.06;4106.89;456.322
33031.1;3670.12;4082.5;453.611
32835;3648.34;4058.26;450.918
32640.3;3626.7;4034.2;448.244
32447.5;3605.27;4010.36;445.596
32257.2;3584.13;3986.84;442.982
32068.4;3563.15;3963.51;440.39
31882;3542.44;3940.47;437.83
31699;3522.11;3917.86;435.317
31519.6;3502.18;3895.68;432.854
31342.8;3482.53;3873.83;430.426
31167.5;3463.05;3852.16;428.018
30994.1;3443.79;3830.73;425.637
30821.7;3424.63;3809.42;423.269
30653.7;3405.97;3788.66;420.962
30488.7;3387.63;3768.26;418.696
30324.2;3369.36;3747.93;416.437
30160.4;3351.16;3727.69;414.188
29998.1;3333.13;3707.64;411.96
29838.2;3315.36;3687.87;409.763
29678.8;3297.65;3668.17;407.574
29520.8;3280.09;3648.64;405.404
29363.4;3262.6;3629.19;403.243
29208.7;3245.41;3610.07;401.118
29056.6;3228.51;3591.26;399.029
28904.5;3211.61;3572.47;396.941
28753.1;3194.79;3553.76;394.862
28601.9;3177.99;3535.07;392.786
28451.1;3161.23;3516.42;390.714
28300.9;3144.55;3497.87;388.652
28151.8;3127.98;3479.43;386.604
28004.8;3111.64;3461.27;384.585
27858.9;3095.44;3443.24;382.582
27714.1;3079.35;3425.34;380.593
27569.6;3063.29;3407.48;378.609
27425.8;3047.31;3389.7;376.634
27282.2;3031.36;3371.96;374.662
27139.6;3015.51;3354.33;372.703
26999.5;2999.95;3337.02;370.78
26860.8;2984.54;3319.88;368.875
26722.9;2969.22;3302.84;366.982
26585.7;2953.97;3285.87;365.097
26449.8;2938.87;3269.08;363.231
26315.2;2923.91;3252.44;361.383
26182.5;2909.17;3236.04;359.56
26050.5;2894.51;3219.73;357.748
25919.5;2879.95;3203.53;355.948
25789.4;2865.49;3187.45;354.161
25660.4;2851.15;3171.51;352.389
25532;2836.89;3155.64;350.627
25405.9;2822.88;3140.06;348.895
25280.9;2808.99;3124.61;347.178
25158;2795.33;3109.42;345.491
25035.6;2781.74;3094.29;343.81
24915.1;2768.34;3079.39;342.155
24795.4;2755.05;3064.6;340.511
24675.9;2741.77;3049.83;338.87
24558.9;2728.77;3035.37;337.263
24442.7;2715.86;3021.01;335.668
24327.1;2703.01;3006.72;334.079
24211.9;2690.22;2992.49;332.499
24096.9;2677.44;2978.27;330.919
23983;2664.78;2964.19;329.355
23869.4;2652.15;2950.15;327.794
23756.4;2639.6;2936.18;326.242
23644;2627.11;2922.29;324.698
23531.6;2614.62;2908.39;323.155
23419.1;2602.13;2894.5;321.611
23308;2589.77;2880.76;320.084
23197.9;2577.54;2867.15;318.573
23088.5;2565.39;2853.63;317.07
22980.4;2553.38;2840.27;315.586
22873.7;2541.52;2827.08;314.12
22768.1;2529.79;2814.04;312.671
22663.4;2518.15;2801.09;311.232
22559.5;2506.61;2788.25;309.805
22457;2495.23;2775.59;308.399
22355.6;2483.96;2763.05;307.006
22254.8;2472.75;2750.59;305.621
22153.9;2461.55;2738.13;304.236
22054;2450.45;2725.78;302.864
21954.7;2439.41;2713.51;301.501
21856.5;2428.5;2701.37;300.152
21758.9;2417.65;2689.3;298.811
21661.5;2406.83;2677.26;297.474
21564.2;2396.03;2665.24;296.138
21467.8;2385.31;2653.32;294.814
21371.8;2374.65;2641.46;293.496
21275.9;2363.99;2629.6;292.178
21181.2;2353.47;2617.9;290.878
21087.8;2343.09;2606.35;289.595
20994.6;2332.73;2594.84;288.315
20902.1;2322.45;2583.4;287.045
20810;2312.22;2572.02;285.78
20718.5;2302.05;2560.71;284.523
20627.2;2291.91;2549.43;283.27
20536.2;2281.79;2538.18;282.02
20447.1;2271.9;2527.17;280.796
20358.1;2262.01;2516.17;279.575
20269.5;2252.17;2505.22;278.358
20181.5;2242.39;2494.35;277.15
20094;2232.66;2483.53;275.947
20006.4;2222.94;2472.71;274.745
19919.4;2213.27;2461.95;273.55
19833.4;2203.71;2451.31;272.368
19747.3;2194.15;2440.68;271.187
19661.8;2184.64;2430.11;270.012
19577.1;2175.23;2419.64;268.849
19492.4;2165.83;2409.18;267.687
19410.6;2156.74;2399.07;266.563
19328.8;2147.65;2388.96;265.44
19247.5;2138.61;2378.9;264.322
19166.9;2129.66;2368.95;263.216
19088.8;2120.98;2359.29;262.144
19010.8;2112.32;2349.65;261.073
18932.9;2103.65;2340.02;260.002
18855.3;2095.04;2330.44;258.937
18778.1;2086.46;2320.89;257.877
18701.4;2077.93;2311.41;256.823
18626;2069.56;2302.09;255.788
18551.1;2061.23;2292.83;254.759
18476.8;2052.98;2283.65;253.739
18402.6;2044.74;2274.48;252.72
18328.5;2036.5;2265.32;251.703
18254.8;2028.31;2256.21;250.69
18181.4;2020.15;2247.14;249.682
18108.4;2012.04;2238.12;248.68
18036.7;2004.08;2229.26;247.695
17965.5;1996.16;2220.45;246.717
17894.3;1988.26;2211.66;245.74
17823.5;1980.39;2202.91;244.768
17752.8;1972.53;2194.16;243.796
17682.7;1964.74;2185.5;242.834
17613;1957;2176.89;241.877
17544.6;1949.4;2168.44;240.937
17476.3;1941.81;2159.99;239.999
17408.4;1934.27;2151.6;239.067
17340.8;1926.75;2143.24;238.138
17273.4;1919.27;2134.92;237.213
17206.2;1911.8;2126.61;236.29
17138.9;1904.32;2118.29;235.366
17072.3;1896.92;2110.06;234.451
17006;1889.56;2101.87;233.541
16940.5;1882.28;2093.77;232.642
16875.4;1875.05;2085.72;231.747
16810.4;1867.82;2077.68;230.854
16745.4;1860.6;2069.66;229.962
16680.8;1853.43;2061.68;229.075
16616.4;1846.26;2053.71;228.19
16552.4;1839.16;2045.8;227.312
16490.1;1832.24;2038.11;226.456
16428.1;1825.35;2030.44;225.605
16366.1;1818.46;2022.78;224.754
16304.2;1811.58;2015.13;223.903
16242.8;1804.76;2007.54;223.06
16181.5;1797.95;1999.96;222.218
16120.5;1791.16;1992.42;221.38
16061;1784.56;1985.07;220.563
16001.6;1777.96;1977.73;219.748
15942.6;1771.4;1970.44;218.937
15883.7;1764.85;1963.15;218.128
15824.7;1758.3;1955.87;217.318
15766.3;1751.82;1948.65;216.517
15708.3;1745.37;1941.47;215.719
15650.9;1738.99;1934.38;214.931
15593.5;1732.61;1927.29;214.143
15536.4;1726.27;1920.23;213.359
15479.4;1719.93;1913.19;212.576
15422.9;1713.65;1906.2;211.8
15366.4;1707.38;1899.22;211.025
15310.3;1701.15;1892.29;210.254
15255.7;1695.08;1885.54;209.504
15201.2;1689.02;1878.8;208.755
15146.9;1682.99;1872.09;208.01
15092.7;1676.96;1865.39;207.265
15038.8;1670.98;1858.73;206.525
14986.7;1665.19;1852.29;205.81
14934.6;1659.4;1845.85;205.095
14882.6;1653.62;1839.42;204.38
14830.6;1647.84;1833;203.666
14778.8;1642.09;1826.59;202.955
14727.1;1636.34;1820.2;202.245
14675.4;1630.6;1813.81;201.535
14624.2;1624.91;1807.48;200.831
14573;1619.22;1801.15;200.128
14522.7;1613.63;1794.94;199.438
14472.7;1608.08;1788.76;198.751
14423.2;1602.58;1782.64;198.071
14373.7;1597.07;1776.52;197.391
14324.2;1591.58;1770.41;196.712
14274.8;1586.08;1764.3;196.033
14225.5;1580.61;1758.21;195.357
14176.3;1575.15;1752.13;194.681
14127.2;1569.69;1746.06;194.006
14078.5;1564.28;1740.04;193.338
14030.7;1558.97;1734.13;192.681
13983.2;1553.69;1728.26;192.029
13936;1548.44;1722.42;191.38
13888.8;1543.2;1716.59;190.732
13841.6;1537.96;1710.76;190.084
13794.7;1532.74;1704.96;189.44
13747.9;1527.55;1699.18;188.798
13701.4;1522.38;1693.44;188.16
13655.8;1517.31;1687.8;187.533
13610.2;1512.25;1682.17;186.907
13564.9;1507.21;1676.56;186.284
13519.6;1502.18;1670.96;185.662
13474.7;1497.19;1665.41;185.046
13429.8;1492.2;1659.87;184.43
13385;1487.22;1654.32;183.814
13340.3;1482.26;1648.81;183.201
13295.9;1477.32;1643.31;182.59
13251.7;1472.41;1637.85;181.983
13208;1467.56;1632.45;181.383
13164.6;1462.73;1627.08;180.787
13121.2;1457.91;1621.72;180.191
13077.9;1453.1;1616.36;179.596
13034.7;1448.3;1611.03;179.004
12991.7;1443.52;1605.71;178.412
12948.8;1438.76;1600.41;177.824
12907.3;1434.14;1595.28;177.253
12865.9;1429.55;1590.17;176.685
12824.6;1424.96;1585.06;176.118
12783.5;1420.39;1579.98;175.554
12742.8;1415.86;1574.95;174.994
12702;1411.34;1569.91;174.435
12662.4;1406.93;1565.01;173.89
12622.8;1402.53;1560.12;173.347
12583.4;1398.15;1555.25;172.805
12544;1393.78;1550.38;172.265
12504.7;1389.41;1545.52;171.725
12465.6;1385.07;1540.69;171.188
12426.8;1380.75;1535.89;170.655
12388;1376.45;1531.11;170.123
12349.7;1372.19;1526.37;169.597
12311.5;1367.94;1521.64;169.071
12273.4;1363.71;1516.94;168.549
12235.4;1359.49;1512.24;168.026
12197.7;1355.3;1507.58;167.508
12160;1351.11;1502.92;166.991
12122.5;1346.94;1498.28;166.476
12085;1342.78;1493.65;165.961
12047.6;1338.62;1489.02;165.447
12010.6;1334.52;1484.46;164.94
11974.2;1330.47;1479.96;164.44
11937.8;1326.43;1475.46;163.94
11901.6;1322.4;1470.99;163.443
11865.5;1318.39;1466.52;162.947
11829.5;1314.39;1462.08;162.453
11793.8;1310.42;1457.66;161.962
11758.1;1306.46;1453.25;161.472
11723.1;1302.57;1448.93;160.992
11688.4;1298.71;1444.63;160.515
11653.7;1294.85;1440.34;160.038
11619;1291;1436.05;159.561
11584.3;1287.14;1431.76;159.085
11549.7;1283.3;1427.49;158.611
11515.2;1279.47;1423.23;158.136
11480.7;1275.63;1418.96;157.663
11446.2;1271.8;1414.7;157.189
11412.1;1268.01;1410.48;156.72
11378;1264.23;1406.28;156.253
11344.1;1260.45;1402.08;155.786
11310.5;1256.73;1397.93;155.326
11277.2;1253.02;1393.81;154.868
11243.9;1249.33;1389.7;154.411
11210.9;1245.66;1385.62;153.957
11177.9;1241.99;1381.53;153.504
11144.9;1238.32;1377.46;153.051
11111.9;1234.66;1373.38;152.598
11079.1;1231.01;1369.32;152.147
11046.2;1227.36;1365.26;151.696
11013.4;1223.71;1361.21;151.245
10980.6;1220.07;1357.16;150.795
10948;1216.45;1353.13;150.347
10915.7;1212.85;1349.13;149.903
10883.8;1209.31;1345.19;149.465
10852.1;1205.79;1341.27;149.03
10820.4;1202.27;1337.35;148.595
10788.9;1198.77;1333.46;148.162
10757.4;1195.27;1329.57;147.73
10726.1;1191.79;1325.7;147.3
10694.8;1188.32;1321.83;146.87
10663.8;1184.87;1318;146.445
10632.8;1181.43;1314.17;146.019
10602.2;1178.02;1310.38;145.598
10571.8;1174.64;1306.62;145.18
10541.4;1171.26;1302.87;144.763
10511.1;1167.9;1299.13;144.347
10480.9;1164.54;1295.39;143.932
10450.8;1161.2;1291.67;143.519
10420.8;1157.87;1287.97;143.107
10390.9;1154.54;1284.27;142.696
10361.1;1151.24;1280.59;142.288
10331.4;1147.93;1276.91;141.879
10301.8;1144.65;1273.26;141.473
10272.3;1141.37;1269.61;141.068
10243.2;1138.13;1266.01;140.668
10214.1;1134.9;1262.41;140.268
10185.1;1131.68;1258.83;139.87
10156.1;1128.46;1255.25;139.473
10127.3;1125.25;1251.68;139.076
10098.5;1122.05;1248.13;138.681
10069.8;1118.86;1244.58;138.286
10041.2;1115.69;1241.04;137.894
10012.6;1112.51;1237.51;137.502
9984.2;1109.36;1234;137.111
9956.09;1106.23;1230.53;136.725
9927.99;1103.11;1227.05;136.339
9900.23;1100.03;1223.62;135.958
9872.52;1096.95;1220.2;135.578
9844.93;1093.88;1216.79;135.199
9817.38;1090.82;1213.38;134.82
9789.96;1087.77;1210;134.444
9762.79;1084.75;1206.64;134.071
9735.63;1081.74;1203.28;133.698
9708.61;1078.73;1199.94;133.327
9681.89;1075.77;1196.64;132.96
9655.27;1072.81;1193.35;132.594
9628.81;1069.87;1190.08;132.231
9602.4;1066.93;1186.81;131.868
9576;1064;1183.55;131.506
9549.71;1061.08;1180.3;131.145
9523.45;1058.16;1177.06;130.784
9497.22;1055.25;1173.81;130.424
9471.15;1052.35;1170.59;130.066
9445.17;1049.46;1167.38;129.709
9419.23;1046.58;1164.17;129.353
9393.33;1043.7;1160.97;128.997
9367.44;1040.83;1157.77;128.642
9341.7;1037.97;1154.59;128.288
9316.17;1035.13;1151.44;127.937
9290.7;1032.3;1148.29;127.588
9265.31;1029.48;1145.15;127.239
9239.93;1026.66;1142.01;126.89
9214.62;1023.85;1138.89;126.543
9189.46;1021.05;1135.78;126.197
9164.35;1018.26;1132.67;125.853
9139.32;1015.48;1129.58;125.509
9114.32;1012.7;1126.49;125.165
9089.35;1009.93;1123.4;124.823
9064.47;1007.16;1120.33;124.481
9039.76;1004.42;1117.27;124.142
9015.1;1001.68;1114.23;123.803
8990.47;998.941;1111.18;123.465
8965.86;996.206;1108.14;123.127
8941.38;993.486;1105.11;122.79
8917.1;990.789;1102.11;122.457
8892.89;988.099;1099.12;122.125
8868.75;985.416;1096.14;121.793
8844.62;982.735;1093.15;121.462
8820.49;980.055;1090.17;121.13
8796.52;977.391;1087.21;120.801
8772.69;974.743;1084.26;120.474
8748.89;972.099;1081.32;120.147
8725.23;969.47;1078.4;119.822
8701.72;966.858;1075.49;119.499
8678.39;964.266;1072.61;119.179
8655.08;961.675;1069.73;118.859
8631.89;959.098;1066.86;118.54
8608.71;956.523;1064;118.222
8585.53;953.948;1061.13;117.904
8562.4;951.378;1058.27;117.586
8539.36;948.817;1055.43;117.27
8516.33;946.259;1052.58;116.953
8493.32;943.702;1049.74;116.637
8470.32;941.147;1046.89;116.322
8447.38;938.598;1044.06;116.006
8424.59;936.065;1041.24;115.693
8401.87;933.541;1038.43;115.381
8379.18;931.02;1035.63;115.07
8356.53;928.503;1032.83;114.759
8333.98;925.997;1030.04;114.449
8311.62;923.514;1027.28;114.142
8289.39;921.043;1024.53;113.837
8267.21;918.579;1021.79;113.532
8245.04;916.115;1019.05;113.228
8222.99;913.665;1016.32;112.925
8200.95;911.216;1013.6;112.622
8178.91;908.768;1010.88;112.32
8156.92;906.324;1008.16;112.018
8135.01;903.89;1005.45;111.717
8113.11;901.457;1002.74;111.416
8091.23;899.026;1000.04;111.116
8069.37;896.596;997.337;110.815
8047.61;894.179;994.649;110.517
8025.98;891.776;991.976;110.22
8004.38;889.376;989.306;109.923
7982.81;886.979;986.64;109.627
7961.37;884.597;983.99;109.332
7939.98;882.22;981.346;109.038
7918.81;879.867;978.729;108.748
7897.66;877.518;976.116;108.457
7876.52;875.169;973.503;108.167
7855.4;872.822;970.892;107.877
7834.38;870.487;968.294;107.588
7813.37;868.153;965.698;107.3
7792.38;865.82;963.103;107.011
7771.44;863.493;960.515;106.724
7750.55;861.172;957.933;106.437
7729.68;858.853;955.354;106.15
7709;856.555;952.797;105.866
7688.41;854.268;950.253;105.584
7667.84;851.983;947.711;105.301
7647.41;849.713;945.186;105.021
7627.07;847.453;942.672;104.741
7606.76;845.196;940.162;104.462
7586.46;842.94;937.652;104.184
7566.28;840.697;935.158;103.906
7546.13;838.458;932.667;103.63
7525.99;836.222;930.179;103.353
7505.89;833.988;927.695;103.077
7485.8;831.756;925.212;102.801
7465.82;829.536;922.742;102.527
7445.85;827.316;920.273;102.253
7425.88;825.098;917.806;101.978
7405.97;822.886;915.345;101.705
7386.11;820.679;912.89;101.432
7366.27;818.474;910.438;101.16
7346.49;816.277;907.994;100.888
7326.75;814.083;905.553;100.617
7307.03;811.893;903.117;100.346
7287.44;809.715;900.694;100.077
7267.86;807.54;898.275;99.8083
7248.43;805.382;895.874;99.5415
7229.05;803.228;893.478;99.2753
7209.72;801.08;891.089;99.0099
7190.41;798.934;888.702;98.7447
7171.11;796.79;886.316;98.4796
7151.91;794.657;883.944;98.2161
7132.73;792.525;881.573;97.9526
7113.57;790.396;879.205;97.6894
7094.5;788.278;876.848;97.4276
7075.45;786.161;874.494;97.166
7056.5;784.055;872.152;96.9057
7037.56;781.951;869.811;96.6456
7018.75;779.862;867.487;96.3874
6999.98;777.775;865.166;96.1296
6981.23;775.693;862.849;95.8721
6962.49;773.61;860.533;95.6147
6943.86;771.539;858.229;95.3588
6925.22;769.469;855.926;95.1029
6906.68;767.408;853.634;94.8482
6888.16;765.351;851.346;94.594
6869.73;763.303;849.068;94.3409
6851.32;761.258;846.793;94.0881
6832.93;759.214;844.519;93.8354
6814.55;757.172;842.248;93.5831
6796.26;755.14;839.987;93.3319
6778.02;753.113;837.732;93.0814
6759.89;751.099;835.492;92.8324
6741.77;749.086;833.253;92.5836
6723.75;747.084;831.026;92.3362
6705.74;745.083;828.8;92.0889
6687.85;743.094;826.588;91.8431
6670.03;741.114;824.385;91.5984
6652.27;739.141;822.191;91.3545
6634.55;737.172;820.001;91.1112
6616.9;735.211;817.819;90.8688
6599.25;733.251;815.638;90.6265
6581.62;731.291;813.459;90.3843
6564.02;729.335;811.283;90.1426
6546.48;727.386;809.115;89.9017
6528.96;725.44;806.951;89.6612
6511.46;723.496;804.788;89.4208
6493.97;721.552;802.625;89.1806
6476.58;719.62;800.476;88.9418
6459.25;717.695;798.334;88.7038
6441.95;715.772;796.196;88.4662
6424.66;713.851;794.058;88.2287
6407.38;711.931;791.923;87.9915
6390.11;710.012;789.789;87.7543
6372.89;708.098;787.66;87.5178
6355.68;706.187;785.534;87.2816
6338.51;704.279;783.412;87.0457
6321.35;702.372;781.29;86.81
6304.33;700.481;779.187;86.5764
6287.32;698.591;777.084;86.3427
6270.33;696.704;774.985;86.1094
6253.41;694.823;772.893;85.877
6236.52;692.947;770.806;85.6451
6219.64;691.071;768.719;85.4132
6202.83;689.204;766.642;85.1825
6186.05;687.339;764.568;84.952
6169.27;685.474;762.494;84.7216
6152.57;683.619;760.43;84.4923
6135.89;681.766;758.369;84.2632
6119.24;679.916;756.311;84.0345
6102.64;678.072;754.259;83.8066
6086.17;676.241;752.223;83.5803
6069.72;674.413;750.19;83.3544
6053.27;672.586;748.157;83.1286
6036.85;670.761;746.127;82.903
6020.43;668.937;744.098;82.6776
6004.05;667.117;742.074;82.4526
5987.69;665.299;740.052;82.228
5971.37;663.485;738.034;82.0038
5955.05;661.672;736.017;81.7796
5938.87;659.874;734.017;81.5575
5922.72;658.08;732.021;81.3357
5906.6;656.289;730.029;81.1143
5890.51;654.501;728.04;80.8933
5874.42;652.713;726.051;80.6724
5858.36;650.929;724.067;80.4519
5842.36;649.151;722.09;80.2322
5826.37;647.375;720.113;80.0126
5810.39;645.599;718.138;79.7932
5794.45;643.828;716.168;79.5743
5778.56;642.062;714.204;79.356
5762.68;640.298;712.241;79.1379
5746.9;638.544;710.291;78.9212
5731.17;636.797;708.347;78.7052
5715.49;635.055;706.409;78.4899
5699.82;633.313;704.472;78.2747
5684.23;631.581;702.546;78.0606
5668.67;629.852;700.622;77.8469
5653.12;628.125;698.7;77.6334
5637.65;626.406;696.789;77.421
5622.19;624.688;694.878;77.2087
5606.74;622.971;692.968;76.9964
5591.32;621.258;691.062;76.7847
5575.95;619.55;689.163;76.5736
5560.59;617.843;687.264;76.3626
5545.25;616.139;685.368;76.152
5529.93;614.436;683.474;75.9415
5514.63;612.736;681.583;75.7314
5499.42;611.046;679.703;75.5226
5484.21;609.357;677.824;75.3138
5469.06;607.673;675.951;75.1056
5453.9;605.989;674.078;74.8975
5438.77;604.308;672.208;74.6897
5423.66;602.628;670.339;74.4822
5408.59;600.955;668.478;74.2753
5393.55;599.283;666.619;74.0687
5378.6;597.622;664.77;73.8634
5363.69;595.965;662.928;73.6586
5348.79;594.31;661.086;73.454
5333.97;592.663;659.254;73.2505
5319.17;591.019;657.425;73.0473
5304.38;589.376;655.598;72.8442
5289.68;587.742;653.78;72.6423
5274.98;586.109;651.963;72.4404
5260.28;584.476;650.147;72.2386
5245.62;582.847;648.335;72.0373
5231.01;581.223;646.529;71.8366
5216.4;579.6;644.723;71.6359
5201.79;577.977;642.918;71.4354
5187.21;576.357;641.116;71.2351
5172.7;574.744;639.322;71.0358
5158.27;573.141;637.539;70.8377
5143.87;571.541;635.759;70.6398
5129.48;569.942;633.98;70.4423
5115.15;568.35;632.21;70.2455
5100.85;566.761;630.442;70.0492
5086.58;565.176;628.679;69.8532
5072.4;563.6;626.926;69.6584
5058.28;562.031;625.18;69.4645
5044.16;560.463;623.436;69.2707
5030.06;558.896;621.693;69.077
5015.97;557.33;619.951;68.8835
5001.93;555.77;618.216;68.6907
4987.91;554.213;616.484;68.4982
4973.9;552.656;614.752;68.3058
4959.9;551.1;613.021;68.1135
4945.93;549.548;611.295;67.9217
4932;548.001;609.574;67.7304
4918.08;546.454;607.853;67.5392
4904.19;544.911;606.136;67.3485
4890.31;543.368;604.42;67.1578
4876.51;541.835;602.715;66.9683
4862.78;540.309;601.018;66.7797
4849.06;538.785;599.323;66.5914
4835.41;537.268;597.635;66.4039
4821.78;535.754;595.951;66.2167
4808.22;534.246;594.274;66.0304
4794.67;532.741;592.6;65.8444
4781.18;531.243;590.933;65.6592
4767.72;529.747;589.269;65.4743
4754.29;528.255;587.609;65.2899
4740.87;526.764;585.951;65.1056
4727.46;525.274;584.293;64.9215
4714.07;523.785;582.637;64.7375
4700.72;522.302;580.987;64.5542
4687.39;520.821;579.34;64.3711
4674.07;519.341;577.694;64.1882
4660.75;517.861;576.048;64.0053
4647.47;516.386;574.407;63.823
4634.23;514.914;572.77;63.6411
4620.99;513.443;571.134;63.4593
4607.79;511.976;569.502;63.278
4594.6;510.511;567.872;63.0969
4581.43;509.048;566.244;62.916
4568.28;507.586;564.619;62.7354
4555.17;506.129;562.998;62.5553
4542.07;504.675;561.38;62.3755
4529;503.222;559.764;62.196
4515.94;501.772;558.15;62.0167
4502.96;500.329;556.546;61.8384
4490;498.889;554.944;61.6605
4477.05;497.45;553.344;61.4826
4464.12;496.014;551.746;61.3051
4451.24;494.583;550.154;61.1282
4438.39;493.154;548.565;60.9517
4425.59;491.732;546.983;60.7759
4412.79;490.31;545.401;60.6001
4400;488.889;543.82;60.4245
4387.28;487.475;542.248;60.2498
4374.56;486.063;540.676;60.0751
4361.85;484.65;539.105;59.9006
4349.18;483.242;537.539;59.7265
4336.53;481.837;535.976;59.5529
4323.9;480.433;534.415;59.3794
4311.36;479.04;532.865;59.2072
4298.84;477.649;531.317;59.0352
4286.33;476.259;529.771;58.8635
4273.87;474.874;528.231;58.6923
4261.42;473.491;526.692;58.5213
4248.99;472.11;525.156;58.3506
4236.56;470.729;523.62;58.18
4224.19;469.355;522.091;58.0101
4211.84;467.982;520.564;57.8405
4199.53;466.614;519.042;57.6714
4187.23;465.248;517.523;57.5025
4174.94;463.882;516.003;57.3337
4162.66;462.518;514.486;57.1651
4150.39;461.155;512.97;56.9967
4138.17;459.797;511.459;56.8288
4125.97;458.441;509.951;56.6613
4113.8;457.089;508.448;56.4942
4101.64;455.738;506.944;56.3271
4089.54;454.394;505.449;56.161
4077.45;453.05;503.955;55.995
4065.37;451.707;502.461;55.829
4053.31;450.368;500.971;55.6635
4041.29;449.033;499.486;55.4984
4029.28;447.698;498.001;55.3334
4017.31;446.368;496.521;55.169
4005.37;445.042;495.046;55.0051
3993.51;443.723;493.58;54.8422
3981.66;442.407;492.116;54.6795
3969.85;441.094;490.655;54.5173
3958.07;439.786;489.2;54.3556
3946.31;438.479;487.747;54.1941
3934.57;437.175;486.295;54.0328
3922.83;435.87;484.845;53.8716
3911.13;434.571;483.399;53.711
3899.44;433.271;481.954;53.5504
3887.77;431.975;480.511;53.3901
3876.11;430.679;479.069;53.2299
3864.51;429.39;477.636;53.0706
3852.97;428.107;476.209;52.9121
3841.43;426.826;474.784;52.7537
3829.91;425.545;473.359;52.5955
3818.39;424.266;471.936;52.4373
3806.9;422.989;470.516;52.2795
3795.43;421.714;469.098;52.122
3783.96;420.44;467.681;51.9645
3772.51;419.167;466.265;51.8072
3761.06;417.895;464.85;51.65
3749.67;416.63;463.443;51.4937
3738.33;415.37;462.04;51.3378
3726.98;414.109;460.638;51.182
3715.7;412.855;459.243;51.027
3704.42;411.602;457.849;50.8721
3693.15;410.35;456.457;50.7174
3681.89;409.099;455.065;50.5628
3670.68;407.854;453.68;50.4089
3659.49;406.61;452.296;50.2551
3648.33;405.37;450.917;50.1019
3637.19;404.132;449.54;49.9489
3626.05;402.894;448.163;49.7959
3614.92;401.658;446.788;49.6432
3603.81;400.423;445.414;49.4905
3592.74;399.193;444.046;49.3384
3581.76;397.973;442.69;49.1877
3570.79;396.755;441.334;49.0371
3559.84;395.537;439.98;48.8866
3548.88;394.321;438.626;48.7362
3537.96;393.107;437.276;48.5862
3527.05;391.895;435.928;48.4364
3516.15;390.683;434.58;48.2867
3505.26;389.473;433.234;48.1371
3494.37;388.263;431.889;47.9876
3483.58;387.065;430.555;47.8394
3472.83;385.87;429.226;47.6918
3462.09;384.676;427.899;47.5443
3451.35;383.484;426.572;47.3969
3440.63;382.292;425.246;47.2496
3429.92;381.102;423.922;47.1025
3419.23;379.915;422.602;46.9557
3408.56;378.729;421.283;46.8092
3397.91;377.545;419.966;46.6629
3387.27;376.364;418.652;46.5169
3376.67;375.186;417.342;46.3713
3366.08;374.009;416.032;46.2258
3355.49;372.832;414.723;46.0804
3344.92;371.658;413.417;45.9352
3334.35;370.483;412.111;45.7901
3323.82;369.314;410.809;45.6455
3313.33;368.148;409.513;45.5014
3302.87;366.986;408.22;45.3578
3292.42;365.824;406.928;45.2143
3281.99;364.666;405.639;45.071
3271.59;363.511;404.354;44.9283
3261.2;362.356;403.07;44.7856
3250.82;361.203;401.787;44.643
3240.45;360.05;400.505;44.5006
3230.13;358.904;399.23;44.3589
3219.82;357.758;397.955;44.2173
3209.54;356.615;396.684;44.0761
3199.29;355.477;395.418;43.9353
3189.07;354.341;394.154;43.7949
3178.85;353.205;392.891;43.6546
3168.63;352.07;391.629;43.5143
3158.42;350.936;390.367;43.3741
3148.26;349.807;389.111;43.2346
3138.12;348.68;387.857;43.0953
3128.01;347.557;386.608;42.9564
3117.9;346.434;385.359;42.8176
3107.81;345.312;384.111;42.679
3097.73;344.192;382.865;42.5406
3087.68;343.076;381.623;42.4026
3077.63;341.959;380.382;42.2646
3067.6;340.844;379.141;42.1268
3057.62;339.736;377.909;41.9899
3047.68;338.631;376.679;41.8533
3037.74;337.527;375.451;41.7168
3027.82;336.425;374.225;41.5806
3017.94;335.327;373.004;41.4449
3008.06;334.229;371.783;41.3092
2998.19;333.132;370.563;41.1737
2988.33;332.036;369.344;41.0382
2978.52;330.946;368.131;40.9035
2968.71;329.857;366.919;40.7688
2958.93;328.77;365.711;40.6345
2949.19;327.688;364.507;40.5007
2939.45;326.606;363.303;40.367
2929.71;325.524;362.099;40.2333
2919.99;324.444;360.898;40.0998
2910.31;323.368;359.701;39.9668
2900.63;322.292;358.505;39.8339
2890.98;321.22;357.312;39.7013
2881.36;320.151;356.123;39.5692
2871.74;319.083;354.935;39.4372
2862.15;318.017;353.749;39.3054
2852.6;316.955;352.568;39.1742
2843.05;315.895;351.389;39.0432
2833.59;314.844;350.22;38.9133
2824.17;313.797;349.055;38.7839
2814.76;312.751;347.892;38.6546
2805.35;311.706;346.729;38.5255
2795.95;310.661;345.567;38.3964
2786.59;309.621;344.41;38.2678
2777.23;308.581;343.253;38.1392
2767.88;307.542;342.098;38.0108
2758.54;306.504;340.943;37.8825
2749.2;305.466;339.789;37.7543
2739.91;304.435;338.641;37.6268
2730.65;303.406;337.496;37.4996
2721.39;302.377;336.352;37.3724
2712.13;301.348;335.207;37.2453
2702.92;300.325;334.069;37.1188
2693.72;299.302;332.932;36.9924
2684.55;298.283;331.798;36.8664
2675.38;297.265;330.666;36.7406
2666.23;296.248;329.535;36.615
2657.13;295.237;328.409;36.4899
2648.04;294.227;327.286;36.3651
2639;293.223;326.169;36.241
2630.01;292.223;325.057;36.1175
2621.05;291.228;323.95;35.9944
2612.1;290.233;322.844;35.8715
2603.16;289.24;321.738;35.7487
2594.22;288.246;320.634;35.626
2585.31;287.257;319.533;35.5037
2576.41;286.268;318.433;35.3815
2567.52;285.28;317.334;35.2594
2558.64;284.293;316.236;35.1374
2549.76;283.307;315.139;35.0154
2540.93;282.326;314.048;34.8942
2532.13;281.347;312.959;34.7733
2523.34;280.371;311.874;34.6526
2514.57;279.397;310.789;34.5322
2505.82;278.425;309.709;34.4121
2497.09;277.455;308.629;34.2921
2488.37;276.486;307.552;34.1724
2479.66;275.518;306.475;34.0528
2471;274.556;305.405;33.9339
2462.36;273.596;304.337;33.8152
2453.72;272.636;303.269;33.6966
2445.13;271.681;302.207;33.5786
2436.54;270.727;301.146;33.4606
2427.97;269.774;300.086;33.3429
2419.43;268.826;299.031;33.2257
2410.9;267.878;297.977;33.1085
2402.42;266.935;296.928;32.992
2393.93;265.993;295.88;32.8755
2385.46;265.051;294.832;32.7591
2377;264.111;293.786;32.6429
2368.54;263.171;292.741;32.5268
2360.11;262.234;291.699;32.411
2351.68;261.298;290.657;32.2953
2343.28;260.364;289.618;32.1798
2334.92;259.436;288.586;32.0651
2326.58;258.509;287.555;31.9506
2318.27;257.585;286.527;31.8364
2309.96;256.663;285.501;31.7223
2301.67;255.741;284.476;31.6085
2293.42;254.825;283.457;31.4952
2285.18;253.909;282.438;31.3821
2276.97;252.997;281.423;31.2693
2268.77;252.086;280.41;31.1566
2260.58;251.176;279.398;31.0442
2252.4;250.267;278.386;30.9318
2244.22;249.358;277.376;30.8195
2236.06;248.451;276.366;30.7074
2227.9;247.545;275.359;30.5954
2219.77;246.641;274.354;30.4837
2211.65;245.739;273.35;30.3723
2203.54;244.838;272.348;30.2609
2195.47;243.941;271.35;30.1501
2187.41;243.045;270.354;30.0393
2179.35;242.15;269.358;29.9286
2171.3;241.256;268.363;29.8181
2163.26;240.362;267.369;29.7077
2155.24;239.472;266.379;29.5976
2147.23;238.581;265.388;29.4876
2139.24;237.693;264.4;29.3778
2131.25;236.806;263.413;29.2682
2123.29;235.921;262.429;29.1588
2115.35;235.039;261.448;29.0498
2107.44;234.16;260.47;28.9411
2099.54;233.282;259.494;28.8326
2091.69;232.41;258.523;28.7248
2083.84;231.538;257.553;28.6171
2076.01;230.668;256.585;28.5095
2068.18;229.798;255.618;28.402
2060.38;228.932;254.654;28.2949
2052.6;228.066;253.692;28.188
2044.82;227.202;252.73;28.0811
2037.04;226.337;251.768;27.9743
2029.26;225.473;250.807;27.8675
2021.53;224.614;249.851;27.7613
2013.83;223.759;248.9;27.6556
2006.13;222.904;247.949;27.5499
1998.45;222.05;247;27.4444
1990.8;221.2;246.054;27.3393
1983.15;220.35;245.108;27.2343
1975.51;219.501;244.164;27.1293
1967.87;218.652;243.22;27.0245
1960.28;217.809;242.282;26.9202
1952.71;216.968;241.346;26.8162
1945.16;216.129;240.413;26.7126
1937.64;215.293;239.483;26.6092
1930.11;214.457;238.553;26.5059
1922.6;213.622;237.625;26.4028
1915.12;212.792;236.701;26.3001
1907.66;211.962;235.778;26.1975
1900.21;211.135;234.858;26.0953
1892.78;210.309;233.939;25.9933
1885.36;209.484;233.021;25.8913
1877.94;208.66;232.105;25.7894
1870.53;207.837;231.189;25.6877
1863.13;207.014;230.274;25.5861
1855.75;206.194;229.362;25.4846
1848.37;205.375;228.451;25.3834
1841.05;204.562;227.546;25.2829
1833.74;203.749;226.642;25.1824
1826.43;202.937;225.739;25.0821
1819.16;202.129;224.84;24.9822
1811.88;201.321;223.941;24.8823
1804.62;200.513;223.043;24.7825
1797.36;199.706;222.145;24.6828
1790.19;198.91;221.259;24.5843
1783.02;198.113;220.373;24.4859
1775.86;197.318;219.489;24.3876
1768.71;196.523;218.604;24.2894
1761.58;195.731;217.723;24.1915
1754.46;194.94;216.843;24.0937
1747.34;194.149;215.963;23.9959
1740.23;193.359;215.085;23.8983
1733.16;192.574;214.211;23.8012
1726.1;191.789;213.338;23.7043
1719.05;191.006;212.467;23.6075
1712;190.223;211.596;23.5107
1704.96;189.44;210.725;23.4139
1697.93;188.659;209.857;23.3175
1690.93;187.881;208.991;23.2212
1683.95;187.106;208.129;23.1254
1676.98;186.331;207.267;23.0296
1670.02;185.558;206.407;22.9341
1663.09;184.787;205.55;22.8389
1656.16;184.017;204.693;22.7437
1649.24;183.248;203.838;22.6487
1642.35;182.484;202.988;22.5542
1635.48;181.72;202.137;22.4597
1628.66;180.962;201.295;22.3661
1621.84;180.204;200.452;22.2724
1615.03;179.447;199.61;22.1789
1608.22;178.691;198.769;22.0854
1601.44;177.938;197.931;21.9923
1594.67;177.185;197.094;21.8993
1587.9;176.433;196.257;21.8064
1581.16;175.684;195.424;21.7138
1574.43;174.936;194.592;21.6214
1567.72;174.192;193.764;21.5293
1561.02;173.447;192.935;21.4373
1554.33;172.703;192.108;21.3454
1547.7;171.966;191.288;21.2543
1541.07;171.23;190.469;21.1632
1534.45;170.495;189.652;21.0724
1527.86;169.762;188.837;20.9818
1521.27;169.03;188.022;20.8913
1514.69;168.299;187.209;20.801
1508.15;167.572;186.4;20.7111
1501.61;166.845;185.592;20.6213
1495.1;166.122;184.788;20.532
1488.6;165.4;183.985;20.4428
1482.11;164.679;183.182;20.3536
1475.63;163.959;182.381;20.2645
1469.17;163.241;181.583;20.1758
1462.71;162.524;180.785;20.0872
1456.28;161.808;179.989;19.9988
1449.86;161.095;179.196;19.9107
1443.45;160.383;178.404;19.8226
1437.05;159.672;177.613;19.7347
1430.65;158.961;176.822;19.6469
1424.28;158.253;176.034;19.5594
1417.91;157.546;175.248;19.472
1411.63;156.848;174.471;19.3857
1405.35;156.15;173.695;19.2994
1399.08;155.453;172.92;19.2133
1392.83;154.759;172.148;19.1276
1386.59;154.066;171.376;19.0418
1380.36;153.373;170.606;18.9562
1374.12;152.68;169.835;18.8706
1367.89;151.988;169.066;18.7851
1361.7;151.3;168.3;18.7
1355.52;150.613;167.536;18.6151
1349.34;149.927;166.772;18.5302
1343.16;149.24;166.009;18.4454
1337.02;148.558;165.25;18.3611
1330.88;147.876;164.491;18.2768
1324.76;147.196;163.735;18.1928
1318.66;146.517;162.98;18.1089
1312.55;145.839;162.226;18.0251
1306.47;145.163;161.474;17.9415
1300.39;144.488;160.723;17.8581
1294.37;143.819;159.978;17.7753
1288.39;143.155;159.24;17.6933
1282.42;142.491;158.502;17.6113
1276.46;141.829;157.765;17.5294
1270.52;141.169;157.031;17.4478
1264.59;140.509;156.297;17.3663
1258.66;139.851;155.564;17.2849
1252.73;139.192;154.832;17.2035
1246.81;138.534;154.1;17.1222
1240.91;137.879;153.371;17.0412
1235.02;137.225;152.644;16.9604
1229.17;136.574;151.919;16.8799
1223.34;135.927;151.199;16.7999
1217.52;135.28;150.48;16.7201
1211.71;134.635;149.762;16.6403
1205.94;133.993;149.049;16.561
1200.21;133.356;148.34;16.4823
1194.48;132.72;147.632;16.4036
1188.79;132.087;146.929;16.3254
1183.1;131.455;146.225;16.2473
1177.43;130.826;145.526;16.1695
1171.78;130.198;144.827;16.0918
1166.13;129.569;144.128;16.0142
1160.48;128.942;143.43;15.9367
1154.86;128.318;142.736;15.8595
1149.25;127.694;142.042;15.7825
1143.64;127.071;141.349;15.7055
1138.04;126.449;140.656;15.6285
1132.47;125.83;139.968;15.552
1126.93;125.214;139.283;15.4759
1121.4;124.6;138.6;15.4
1115.9;123.988;137.92;15.3244
1110.42;123.38;137.243;15.2493
1104.96;122.774;136.568;15.1743
1099.51;122.168;135.894;15.0994
1094.06;121.562;135.221;15.0246
1088.64;120.96;134.551;14.9501
1083.21;120.357;133.88;14.8756
1077.8;119.756;133.211;14.8013
1072.39;119.154;132.542;14.7269
1067.01;118.556;131.877;14.653
1061.63;117.959;131.212;14.5792
1056.25;117.361;130.548;14.5053
1050.89;116.765;129.885;14.4316
1045.54;116.171;129.224;14.3582
1040.21;115.579;128.565;14.285
1034.88;114.986;127.906;14.2118
1029.57;114.396;127.25;14.1389
1024.27;113.808;126.595;14.0662
1018.99;113.221;125.943;13.9937
1013.75;112.639;125.295;13.9217
1008.52;112.058;124.649;13.8499
1003.32;111.48;124.006;13.7784
998.127;110.903;123.364;13.7071
992.936;110.326;122.722;13.6358
987.75;109.75;122.081;13.5646
982.592;109.177;121.444;13.4938
977.436;108.604;120.807;13.423
972.304;108.034;120.172;13.3525
967.181;107.465;119.539;13.2821
962.076;106.897;118.908;13.212
956.974;106.33;118.278;13.142
951.881;105.765;117.648;13.072
946.832;105.204;117.024;13.0027
941.798;104.644;116.402;12.9335
936.778;104.086;115.782;12.8646
931.791;103.532;115.165;12.7961
926.811;102.979;114.55;12.7277
921.853;102.428;113.937;12.6597
916.9;101.878;113.325;12.5916
911.948;101.328;112.713;12.5236
907.005;100.778;112.102;12.4558
902.07;100.23;111.492;12.388
897.146;99.6829;110.883;12.3204
892.23;99.1366;110.276;12.2528
887.316;98.5906;109.668;12.1854
882.436;98.0484;109.065;12.1183
877.565;97.5072;108.463;12.0515
872.711;96.9679;107.863;11.9848
867.86;96.4289;107.264;11.9182
863.017;95.8908;106.665;11.8517
858.234;95.3594;106.074;11.786
853.48;94.8311;105.486;11.7207
848.728;94.3031;104.899;11.6554
843.981;93.7757;104.312;11.5903
839.24;93.2488;103.726;11.5251
834.526;92.7251;103.144;11.4604
829.816;92.2018;102.562;11.3957
825.108;91.6787;101.98;11.3311
820.408;91.1565;101.399;11.2665
815.726;90.6362;100.82;11.2022
811.051;90.1168;100.242;11.138
806.379;89.5976;99.6648;11.0739
801.728;89.0809;99.09;11.01
797.102;88.5669;98.5183;10.9465
792.479;88.0532;97.9468;10.883
787.891;87.5435;97.3798;10.82
783.344;87.0382;96.8178;10.7575
778.823;86.5358;96.259;10.6954
774.305;86.0339;95.7006;10.6334
769.791;85.5324;95.1427;10.5714
765.303;85.0336;94.588;10.5098
760.816;84.5351;94.0334;10.4482
756.345;84.0384;93.4809;10.3868
751.883;83.5425;92.9293;10.3255
747.461;83.0512;92.3828;10.2648
743.063;82.5625;91.8392;10.2044
738.666;82.074;91.2958;10.144
734.304;81.5894;90.7567;10.0841
729.966;81.1073;90.2205;10.0245
725.632;80.6258;89.6848;9.96498
721.319;80.1466;89.1518;9.90575
717.01;79.6678;88.6192;9.84658
712.704;79.1894;88.0871;9.78745
708.436;78.7152;87.5596;9.72884
704.169;78.241;87.0321;9.67024
699.903;77.767;86.5048;9.61165
695.652;77.2947;85.9795;9.55328
691.409;76.8232;85.455;9.495
687.22;76.3578;84.9373;9.43748
683.054;75.8949;84.4224;9.38027
678.89;75.4322;83.9077;9.32308
674.732;74.9703;83.3939;9.26599
670.603;74.5114;82.8835;9.20928
666.478;74.0531;82.3737;9.15263
662.357;73.5952;81.8644;9.09604
658.256;73.1396;81.3575;9.03972
654.159;72.6844;80.8511;8.98346
650.065;72.2294;80.3451;8.92724
645.991;71.7768;79.8416;8.87129
641.934;71.326;79.3401;8.81557
637.882;70.8758;78.8394;8.75993
633.9;70.4333;78.3471;8.70524
629.938;69.9931;77.8575;8.65084
625.979;69.5532;77.3682;8.59646
622.026;69.114;76.8796;8.54218
618.094;68.6772;76.3937;8.48819
614.168;68.2409;75.9084;8.43427
610.259;67.8066;75.4253;8.38059
606.374;67.3749;74.9451;8.32724
602.501;66.9445;74.4664;8.27404
598.649;66.5165;73.9903;8.22114
594.853;66.0947;73.5211;8.16901
591.077;65.6753;73.0545;8.11717
587.304;65.2559;72.5881;8.06534
583.533;64.837;72.1221;8.01356
579.785;64.4205;71.6588;7.96209
576.043;64.0047;71.1963;7.9107
572.305;63.5894;70.7343;7.85936
568.588;63.1765;70.275;7.80833
564.894;62.766;69.8184;7.7576
561.202;62.3558;69.3621;7.7069
557.553;61.9504;68.9111;7.65679
553.937;61.5485;68.4641;7.60712
550.327;61.1475;68.018;7.55756
546.738;60.7486;67.5743;7.50826
543.149;60.3499;67.1308;7.45898
539.564;59.9516;66.6877;7.40975
535.996;59.5552;66.2468;7.36075
532.432;59.1591;65.8062;7.3118
528.874;58.7638;65.3665;7.26294
525.353;58.3726;64.9313;7.21459
521.843;57.9825;64.4974;7.16638
518.373;57.5971;64.0686;7.11874
514.935;57.215;63.6436;7.07151
511.518;56.8353;63.2213;7.02459
508.115;56.4572;62.8007;6.97786
504.718;56.0798;62.3809;6.93121
501.326;55.7028;61.9616;6.88462
497.978;55.3309;61.5478;6.83865
494.653;54.9614;61.1368;6.79298
491.346;54.594;60.7282;6.74757
488.044;54.2271;60.32;6.70223
484.76;53.8622;59.9141;6.65712
481.477;53.4974;59.5084;6.61204
478.199;53.1332;59.1033;6.56703
474.95;52.7723;58.7017;6.52242
471.715;52.4128;58.3018;6.47798
468.482;52.0535;57.9022;6.43358
465.252;51.6946;57.503;6.38922
462.081;51.3423;57.1111;6.34568
458.919;50.991;56.7203;6.30226
455.775;50.6417;56.3317;6.25908
452.635;50.2928;55.9437;6.21596
449.512;49.9458;55.5577;6.17308
446.391;49.599;55.1719;6.13021
443.274;49.2527;54.7867;6.08741
440.173;48.9081;54.4034;6.04483
437.09;48.5655;54.0223;6.00248
434.015;48.2239;53.6423;5.96026
431;47.8889;53.2697;5.91885
427.987;47.5541;52.8972;5.87747
424.994;47.2216;52.5274;5.83637
422.018;46.8909;52.1595;5.7955
419.043;46.5603;51.7918;5.75465
416.094;46.2327;51.4274;5.71415
413.162;45.9069;51.065;5.67389
410.25;45.5833;50.7051;5.63389
407.374;45.2637;50.3495;5.59439
404.5;44.9444;49.9944;5.55493
401.635;44.6261;49.6402;5.51558
398.789;44.3099;49.2886;5.47651
395.959;43.9955;48.9388;5.43764
393.131;43.6812;48.5892;5.3988
390.32;43.3689;48.2418;5.3602
387.543;43.0603;47.8986;5.32206
384.774;42.7527;47.5563;5.28404
382.039;42.4488;47.2183;5.24648
379.306;42.1452;46.8806;5.20895
376.589;41.8433;46.5447;5.17164
373.873;41.5415;46.2091;5.13434
371.172;41.2413;45.8752;5.09724
368.5;40.9444;45.5449;5.06055
365.859;40.651;45.2186;5.02428
363.22;40.3578;44.8924;4.98804
360.613;40.0682;44.5702;4.95224
358.03;39.7811;44.2509;4.91677
355.447;39.4942;43.9317;4.8813
352.879;39.2088;43.6143;4.84603
350.348;38.9275;43.3014;4.81127
347.831;38.6479;42.9904;4.77671
345.322;38.3691;42.6802;4.74225
342.822;38.0913;42.3712;4.70791
340.343;37.8159;42.0649;4.67388
337.877;37.5419;41.7601;4.64001
335.415;37.2683;41.4557;4.60619
332.953;36.9948;41.1515;4.57239
330.505;36.7228;40.849;4.53878
328.099;36.4554;40.5515;4.50573
325.706;36.1895;40.2558;4.47286
323.326;35.9251;39.9616;4.44018
320.949;35.661;39.6678;4.40754
318.583;35.3981;39.3754;4.37505
316.238;35.1376;39.0856;4.34284
313.897;34.8774;38.7962;4.31069
311.557;34.6174;38.507;4.27855
309.229;34.3588;38.2193;4.24659
306.935;34.1039;37.9358;4.21509
304.67;33.8522;37.6558;4.18398
302.407;33.6008;37.3762;4.15291
300.158;33.3508;37.0981;4.12201
297.923;33.1025;36.8219;4.09132
295.705;32.8561;36.5478;4.06087
293.488;32.6098;36.2738;4.03042
291.283;32.3648;36.0013;4.00014
289.094;32.1215;35.7307;3.97008
286.913;31.8792;35.4611;3.94013
284.753;31.6392;35.1942;3.91046
282.596;31.3996;34.9276;3.88085
280.442;31.1602;34.6614;3.85127
278.298;30.922;34.3964;3.82182
276.173;30.6859;34.1337;3.79264
274.064;30.4516;33.8731;3.76368
271.957;30.2174;33.6126;3.73473
269.86;29.9845;33.3535;3.70595
267.778;29.7531;33.0962;3.67736
265.71;29.5233;32.8406;3.64895
263.654;29.2949;32.5864;3.62072
261.6;29.0667;32.3326;3.59251
259.55;28.8388;32.0792;3.56435
257.511;28.6123;31.8272;3.53636
255.498;28.3887;31.5784;3.50871
253.488;28.1654;31.33;3.48111
251.479;27.9422;31.0817;3.45353
249.481;27.7202;30.8348;3.42609
247.497;27.4997;30.5896;3.39884
245.531;27.2812;30.3465;3.37183
243.573;27.0637;30.1046;3.34495
241.618;26.8465;29.8629;3.3181
239.676;26.6307;29.6229;3.29143
237.745;26.4161;29.3842;3.26491
235.831;26.2034;29.1476;3.23863
233.92;25.9911;28.9115;3.21238
232.01;25.7789;28.6754;3.18615
230.11;25.5678;28.4406;3.16006
228.223;25.3582;28.2074;3.13415
226.346;25.1496;27.9754;3.10837
224.472;24.9413;27.7437;3.08263
222.609;24.7343;27.5134;3.05705
220.747;24.5275;27.2834;3.03149
218.9;24.3223;27.0551;3.00612
217.064;24.1183;26.8282;2.98091
215.24;23.9156;26.6027;2.95586
213.429;23.7143;26.3788;2.93098
211.627;23.5141;26.1562;2.90624
209.826;23.314;25.9336;2.88151
208.041;23.1157;25.713;2.857
206.259;22.9177;25.4927;2.83252
204.487;22.7208;25.2737;2.80819
202.724;22.5249;25.0558;2.78398
200.964;22.3294;24.8383;2.75981
199.214;22.1349;24.622;2.73578
197.48;21.9422;24.4076;2.71196
195.758;21.7508;24.1947;2.68831
194.044;21.5605;23.983;2.66478
192.332;21.3702;23.7714;2.64127
190.631;21.1812;23.5611;2.6179
188.943;20.9936;23.3525;2.59472
187.265;20.8072;23.1451;2.57167
185.588;20.6209;22.9379;2.54865
183.915;20.435;22.731;2.52567
182.251;20.2501;22.5254;2.50282
180.606;20.0673;22.3221;2.48023
178.962;19.8846;22.1189;2.45765
177.32;19.7022;21.916;2.43511
175.685;19.5205;21.7139;2.41265
174.052;19.3391;21.5121;2.39023
172.42;19.1578;21.3104;2.36782
170.803;18.9781;21.1104;2.3456
169.197;18.7997;20.9121;2.32356
167.6;18.6222;20.7146;2.30162
166.004;18.4449;20.5174;2.27971
164.426;18.2696;20.3223;2.25804
162.862;18.0958;20.129;2.23656
161.299;17.9221;19.9358;2.21509
159.738;17.7487;19.7429;2.19365
158.183;17.5759;19.5507;2.1723
156.631;17.4034;19.3588;2.15098
155.079;17.231;19.1671;2.12967
153.547;17.0607;18.9777;2.10863
152.017;16.8908;18.7886;2.08762
150.496;16.7218;18.6006;2.06674
148.977;16.553;18.4129;2.04587
147.477;16.3863;18.2274;2.02527
145.986;16.2207;18.0432;2.0048
144.496;16.0551;17.859;1.98434
143.014;15.8904;17.6759;1.96399
141.536;15.7262;17.4932;1.94368
140.065;15.5628;17.3114;1.92349
138.595;15.3995;17.1297;1.9033
137.138;15.2376;16.9497;1.8833
135.684;15.076;16.7699;1.86332
134.238;14.9153;16.5912;1.84346
132.797;14.7552;16.4131;1.82368
131.365;14.5961;16.2361;1.80401
129.935;14.4372;16.0594;1.78437
128.517;14.2797;15.8842;1.76491
127.101;14.1223;15.7091;1.74545
125.692;13.9657;15.5349;1.7261
124.286;13.8095;15.3612;1.7068
122.888;13.6542;15.1884;1.6876
121.49;13.4989;15.0156;1.6684
120.101;13.3446;14.844;1.64933
118.73;13.1922;14.6745;1.6305
117.36;13.04;14.5052;1.61169
115.998;12.8887;14.3369;1.59299
114.639;12.7377;14.1688;1.57432
113.296;12.5885;14.0029;1.55588
111.954;12.4394;13.837;1.53745
110.614;12.2905;13.6715;1.51905
109.28;12.1422;13.5065;1.50072
107.947;11.9941;13.3418;1.48242
106.615;11.8461;13.1772;1.46413
105.295;11.6994;13.014;1.446
103.989;11.5544;12.8526;1.42807
102.685;11.4095;12.6915;1.41016
101.387;11.2653;12.531;1.39234
100.1;11.1222;12.3719;1.37465
98.823;10.9803;12.2141;1.35712
97.547;10.8386;12.0564;1.3396
96.2731;10.697;11.8989;1.3221
95.0039;10.556;11.7421;1.30467
93.7369;10.4152;11.5855;1.28727
92.4704;10.2745;11.4289;1.26988
91.2183;10.1354;11.2742;1.25269
89.9735;9.99705;11.1203;1.23559
88.7308;9.85897;10.9667;1.21852
87.4894;9.72104;10.8133;1.20148
86.2553;9.58392;10.6608;1.18453
85.0307;9.44786;10.5094;1.16771
83.8141;9.31267;10.359;1.151
82.5979;9.17755;10.2087;1.1343
81.3883;9.04315;10.0592;1.11769
80.1873;8.9097;9.91079;1.1012
78.9967;8.77742;9.76364;1.08485
77.8132;8.64591;9.61736;1.0686
76.6315;8.51461;9.47131;1.05237
75.4557;8.38396;9.32598;1.03622
74.2866;8.25407;9.18149;1.02017
73.1196;8.1244;9.03725;1.00414
71.9627;7.99586;8.89427;0.988252
70.8063;7.86737;8.75135;0.972372
69.6562;7.73958;8.6092;0.956577
68.5142;7.61269;8.46805;0.940894
67.3796;7.48662;8.32781;0.925312
66.2515;7.36128;8.18839;0.909821
65.1322;7.23691;8.05005;0.89445
64.0142;7.11269;7.91186;0.879096
62.9026;6.98918;7.77448;0.863831
61.7929;6.86588;7.63733;0.848592
60.6963;6.74404;7.50179;0.833533
59.6056;6.62285;7.36699;0.818554
58.5154;6.50171;7.23224;0.803583
57.427;6.38078;7.09772;0.788636
56.3481;6.26091;6.96438;0.77382
55.2756;6.14173;6.83181;0.75909
54.21;6.02333;6.70011;0.744457
53.1457;5.90508;6.56857;0.729841
52.0863;5.78737;6.43764;0.715293
51.0436;5.67152;6.30876;0.700974
50.0066;5.55629;6.18059;0.686732
48.97;5.44111;6.05247;0.672496
47.9351;5.32612;5.92456;0.658284
46.9131;5.21257;5.79825;0.64425
45.8971;5.09968;5.67268;0.630297
44.8828;4.98698;5.54731;0.616368
43.8696;4.8744;5.42208;0.602454
42.8623;4.76248;5.29759;0.588621
41.8685;4.65206;5.17476;0.574974
40.8802;4.54224;5.0526;0.5614
39.8922;4.43247;4.9305;0.547833
38.9119;4.32354;4.80933;0.53437
37.9402;4.21558;4.68924;0.521026
36.9741;4.10824;4.56984;0.50776
36.0097;4.00107;4.45063;0.494515
35.0544;3.89494;4.33257;0.481397
34.1095;3.78995;4.21578;0.468421
33.1697;3.68553;4.09963;0.455514
32.2303;3.58115;3.98352;0.442614
31.2982;3.47758;3.86832;0.429813
30.3721;3.37468;3.75386;0.417095
29.4514;3.27238;3.64006;0.404451
28.5431;3.17146;3.5278;0.391978
27.6481;3.07201;3.41718;0.379687
26.7579;2.9731;3.30715;0.367461
25.868;2.87423;3.19717;0.355241
24.9797;2.77552;3.08738;0.343042
24.0991;2.67768;2.97854;0.330949
23.2236;2.58041;2.87034;0.318927
22.358;2.48422;2.76335;0.307039
21.507;2.38966;2.65816;0.295351
20.6605;2.29561;2.55355;0.283727
19.8144;2.2016;2.44897;0.272108
18.9697;2.10775;2.34457;0.260508
18.1395;2.0155;2.24196;0.249107
17.3164;1.92405;2.14023;0.237804
16.5053;1.83392;2.03998;0.226665
15.6986;1.74429;1.94028;0.215586
14.8922;1.65469;1.84061;0.204512
14.1028;1.56698;1.74305;0.193672
13.3232;1.48035;1.64668;0.182965
12.5519;1.39466;1.55136;0.172374
11.7849;1.30943;1.45656;0.16184
11.0181;1.22424;1.36179;0.15131
10.2658;1.14064;1.26881;0.140978
9.52445;1.05827;1.17718;0.130798
8.79734;0.977482;1.08731;0.120812
8.08198;0.897997;0.998896;0.110988
7.37543;0.819492;0.91157;0.101286
6.68406;0.742674;0.82612;0.0917911
6.00645;0.667383;0.74237;0.0824856
5.33464;0.592738;0.659337;0.0732597
4.67572;0.519524;0.577898;0.0642109
4.03141;0.447935;0.498265;0.0553627
3.40489;0.378321;0.420829;0.0467588
2.79082;0.310091;0.344933;0.0383259
2.19735;0.24415;0.271583;0.0301759
1.61348;0.179275;0.199418;0.0221576
1.04918;0.116576;0.129674;0.0144082
0.511371;0.056819;0.0632032;0.00702258
0;0;0;0