219673.6785;24408.1865;27150.6794;3016.7422
183024.6079;20336.0675;22621.019;2513.4466
163116.5372;18124.0597;20160.4709;2240.0523
149373.9803;16597.1089;18461.9526;2051.3281
139716.4879;15524.0542;17268.33;1918.7033
132692.2724;14743.5858;16400.1685;1822.2409
126404.9246;14044.9916;15623.0806;1735.8978
121334.3407;13481.5934;14996.3792;1666.2644
116660.7657;12962.3073;14418.7463;1602.0829
112561.2917;12506.8102;13912.0698;1545.7855
109299.2327;12144.3592;13508.8939;1500.9882
105792.4152;11754.7128;13075.467;1452.8297
103207.1327;11467.4592;12755.9377;1417.3264
100577.7424;11175.3047;12430.9569;1381.2174
98118.518;10902.0576;12127.0078;1347.4453
95250.2293;10583.3588;11772.5003;1308.0556
93520.4787;10391.1643;11558.7108;1284.3012
90423.1236;10047.0137;11175.8917;1241.7657
89648.7861;9960.9762;11080.187;1231.1319
87866.2995;9762.9222;10859.8797;1206.6533
86091.2115;9565.6902;10640.4868;1182.2763
84476.7248;9386.3028;10440.9435;1160.1048
83086.7547;9231.8616;10269.1495;1141.0166
81768.403;9085.3781;10106.2071;1122.9119
80462.6736;8940.2971;9944.8248;1104.9805
79223.4574;8802.6064;9791.6633;1087.9626
77996.4568;8666.273;9640.0115;1071.1124
76793.5195;8532.6133;9491.3339;1054.5927
75674.3824;8408.2647;9353.0136;1039.2237
74609.8506;8289.9834;9221.4422;1024.6047
73577.7241;8175.3027;9093.876;1010.4307
72570.9022;8063.4336;8969.4373;996.6041
71580.8001;7953.4222;8847.0652;983.0072
70635.3071;7848.3675;8730.2065;970.0229
69747.7962;7749.7551;8620.5141;957.8349
68892.9958;7654.7773;8514.8647;946.0961
68040.9975;7560.1108;8409.5615;934.3957
67220.7498;7468.9722;8308.1826;923.1314
66406.396;7378.4884;8207.5321;911.948
65660.0562;7295.5618;8115.2878;901.6986
64789.1697;7198.7966;8007.6502;889.7389
63920.7552;7102.3061;7900.3181;877.8131
63430.6997;7047.8555;7839.7494;871.0833
62878.5586;6986.5065;7771.5072;863.5008
62233.798;6914.8664;7691.8177;854.6464
61619.8769;6846.653;7615.9398;846.2155
61008.2976;6778.6997;7540.3514;837.8168
60401.8908;6711.3212;7465.4022;829.4891
59815.073;6646.1192;7392.8742;821.4305
59269.057;6585.4508;7325.3891;813.9321
58726.4994;6525.1666;7258.3314;806.4813
58188.4838;6465.3871;7191.8351;799.0928
57651.3355;6405.7039;7125.446;791.7162
57114.5718;6346.0635;7059.1044;784.3449
56594.0133;6288.2237;6994.7657;777.1962
56112.9114;6234.7679;6935.3037;770.5893
55641.7498;6182.4166;6877.0702;764.1189
55179.8252;6131.0917;6819.9784;757.7754
54730.9973;6081.2219;6764.5053;751.6117
54284.5209;6031.6134;6709.3228;745.4803
53838.25;5982.0278;6654.1657;739.3517
53398.8605;5933.2067;6599.8592;733.3177
52965.1278;5885.0142;6546.2518;727.3613
52531.6287;5836.8476;6492.6732;721.4081
52104.8679;5786.4194;6439.9275;715.5475
51678.7797;5742.0866;6387.2649;709.6961
51266.0059;5696.2229;6336.2479;704.0275
50865.7081;5651.7453;6286.7729;698.5303
50467.4683;5607.4965;6237.5523;693.0614
50075.4568;5563.9396;6189.1014;687.6779
49689.6065;5521.0674;6141.412;682.3791
49326.3749;5480.7083;6096.5183;677.3909
48963.7492;5440.4166;6051.6993;672.411
48601.706;5400.1896;6006.9524;667.4392
48242.8975;5360.3219;5962.6053;662.5117
47899.6541;5322.1838;5920.182;657.798
47557.5625;5284.1736;5877.901;653.1001
47228.1252;5247.5695;5837.184;648.576
46900.4498;5211.1611;5796.6848;644.0761
46573.7777;5174.8642;5756.3096;639.59
46247.7193;5138.6355;5716.0102;635.1122
45922.6973;5102.5219;5675.839;630.6488
45599.0018;5066.5558;5635.8317;626.2035
45283.9604;5031.3172;5596.894;621.8771
44969.6694;4996.3711;5558.049;617.561
44660.7329;4962.3037;5519.8659;613.3184
44353.5653;4928.1739;5481.9013;609.1001
44049.0902;4894.3434;5444.2696;604.9188
43750.4695;4858.4244;5403.6233;600.9901
43317.614;4811.2204;5351.8069;594.8736
42868.8665;4763.2074;5321.2754;588.711
42553.7071;4728.1897;5268.3689;583.1102
42357.4457;4706.3829;5244.7842;580.6202
41911.5745;4656.8416;5183.0956;575.8995
41811.1623;4645.6847;5167.6717;574.1857
41626.4859;4625.1651;5144.8466;571.6496
41158.9439;4570.5004;5092.3859;565.8207
40984.6412;4553.849;5065.5174;562.8353
40751.8375;4527.9819;5036.744;559.6382
40624.7913;4513.8657;5021.0416;557.8935
40419.7612;4491.0846;4995.8594;555.0779
40258.6515;4473.1835;4975.4434;552.8654
40030.2155;4447.8017;4947.3683;549.7283
39659.6686;4406.6298;4901.9154;544.5039
39266.1835;4362.9093;4853.1238;539.236
39033.6345;4337.0705;4824.3818;536.0424
38821.8357;4313.5373;4798.2044;533.1338
38539.6362;4282.1818;4763.3258;529.2584
38317.0345;4257.4483;4732.4032;526.2015
38045.4374;4227.2708;4702.2451;522.4717
37783.0038;4204.7542;4669.8095;518.8677
37407.5666;4156.3963;4623.4071;513.7119
37181.9687;4131.3299;4595.5242;510.6138
36930.3895;4103.3766;4564.4302;506.6993
36785.147;4087.2386;4545.0193;505.1643
36524.4444;4058.2716;4512.7976;501.5841
36303.7429;4033.7492;4486.9795;498.5533
36171.412;4019.0458;4470.624;496.736
35814.1875;3979.3542;4423.3074;491.8303
35620.1626;3957.7958;4396.7356;489.1658
35413.5743;3934.8416;4372.0592;486.3287
35167.6363;3908.1337;4346.5618;482.9513
34950.109;3883.3454;4319.6764;479.964
34755.3953;3861.7106;4299.4124;477.2901
34519.0257;3835.4473;4266.3964;474.044
34311.661;3812.3018;4240.7671;471.1963
34146.129;3794.0143;4220.3081;468.9231
33970.1928;3774.4659;4198.5632;466.507
33749.5599;3749.9511;4171.2939;463.4771
33460.9496;3717.8833;4138.7056;459.5137
33201.8351;3689.0928;4107.5685;455.9553
33070.3321;3674.4813;4087.3444;454.1494
32944.3757;3660.4862;4071.7768;452.4196
32758.4335;3639.8259;4048.7951;449.8661
32530.943;3614.5492;4020.6784;446.742
32358.3495;3597.7986;3999.3466;444.3718
32184.8093;3576.0899;3977.8978;441.9886
31860.2059;3540.0229;3940.5973;437.5309
31700.8592;3527.0489;3921.9652;435.9274
31501.0736;3502.321;3895.8906;432.8711
31318.0752;3484.4054;3874.3425;430.6569
31085.1457;3459.3509;3848.042;427.5602
30933.8135;3441.6642;3828.368;425.3742
30628.3897;3404.0749;3785.5313;420.6146
30493.0134;3387.6763;3768.7994;418.7555
30304.6616;3367.4063;3745.52;416.1689
30146.2212;3349.9409;3725.9374;413.993
30083.1542;3342.7683;3718.1427;413.127
29971.4773;3329.6226;3704.3399;411.5933
29685.9206;3298.4356;3669.0464;407.6718
29543.3627;3282.5959;3651.4268;405.7141
29346.7283;3260.7476;3627.1237;403.0137
29181.6201;3242.4022;3606.7171;400.7463
29030.4316;3225.6035;3588.0309;398.6701
28887.372;3209.708;3570.3493;396.7055
28742.4653;3193.6073;3552.4395;394.7155
28610.3769;3178.9308;3536.114;392.9016
28456.4539;3161.8282;3517.0898;390.7878
28335.5979;3148.3998;3502.1526;389.1281
28171.4804;3130.1645;3481.8684;386.8743
28033.6975;3114.8553;3464.839;384.9821
27905.3389;3100.5378;3448.9128;383.2125
27768.1247;3085.2286;3431.8835;381.3204
27626.7779;3065.2446;3409.6541;379.394
27404.8105;3044.9789;3387.1114;376.3457
27258.9987;3028.7776;3369.0897;374.3433
27131.0304;3014.5589;3353.2734;372.5859
27039.8908;3004.4323;3342.009;371.3343
26895.2774;2988.3642;3324.1354;369.3484
26740.8534;2971.2059;3305.0493;367.2277
26579.1134;2953.2348;3285.059;365.0066
26386.042;2931.7824;3261.1962;362.3551
26274.4415;2919.3824;3247.4029;360.8225
26070.5235;2896.7248;3222.1995;358.0222
25922.5772;2880.2864;3203.914;355.9904
25799.7688;2866.641;3188.7355;354.3039
25683.3498;2853.7055;3174.3466;352.6786
25562.5929;2840.2881;3159.4216;351.0941
25424.3579;2824.9287;3142.3364;349.1219
25303.6009;2811.5112;3127.4113;347.5374
25178.0053;2797.5561;3111.8883;345.7654
25078.6505;2786.5167;3099.6085;344.4009
24951.8252;2772.425;3083.9334;342.6593
24857.3741;2761.9305;3072.2597;341.3622
24704.7091;2744.9677;3053.391;339.2657
24569.1744;2729.9083;3036.6395;337.4044
24396.0207;2710.669;3015.2385;335.0265
24280.9566;2697.8841;3001.0171;333.4463
24190.9104;2687.8789;2989.8878;332.2098
24074.3488;2674.9276;2975.4813;330.609
23959.2847;2662.1427;2961.2599;329.0289
23843.5869;2649.2874;2946.9602;327.44
23728.5228;2636.5025;2932.7388;325.8599
23619.1153;2624.3461;2919.2165;324.3574
23510.582;2612.2869;2905.8023;322.8669
23351.117;2594.5686;2886.0931;320.677
23245.0692;2582.7855;2872.9861;319.2207
23133.8859;2570.4318;2859.2443;317.6938
23039.8051;2559.9783;2847.6164;316.4018
22943.026;2549.2251;2835.6549;315.0728
22841.5742;2537.9527;2823.1159;313.6795
22741.6824;2526.8536;2810.7697;312.3077
22634.2282;2514.9142;2797.4889;310.8321
22517.227;2501.9141;2783.0281;309.2253
22428.8485;2492.0943;2772.1049;308.0117
22313.484;2479.276;2757.8463;306.4274
22191.5344;2465.726;2742.7739;304.7527
22093.592;2454.8436;2730.6687;303.4076
21996.8354;2444.0928;2718.71;302.0789
21891.3218;2432.3691;2705.669;300.6299
21768.9605;2418.7734;2690.5457;298.9495
21699.4653;2411.0517;2681.9564;297.9952
21607.5471;2400.8386;2670.5957;296.7329
21507.2027;2389.6892;2658.1936;295.3548
21431.2293;2381.2477;2648.8036;294.3115
21348.181;2372.0201;2638.5392;293.171
21250.9445;2361.2161;2626.5212;291.8357
21179.7224;2353.3025;2617.7185;290.8576
21070.2367;2341.1374;2604.1866;289.3541
20961.8548;2329.095;2590.791;287.8657
20898.4094;2322.0455;2582.9495;286.9944
20791.0917;2310.1213;2569.6855;285.5206
20697.7023;2299.7447;2558.143;284.2381
20610.687;2290.0763;2547.3883;283.0431
20453.8804;2272.6534;2528.0077;280.8897
20366.8651;2262.985;2517.253;279.6948
20274.7905;2252.7545;2505.4492;278.4303
20196.8368;2244.093;2494.6945;277.3598
20107.8303;2234.2034;2483.6937;276.1375
20033.7088;2225.9676;2474.059;275.1196
19948.8713;2216.5413;2463.7653;273.9545
19875.3038;2208.3671;2454.6043;272.9442
19799.2162;2199.9129;2447.0941;271.8993
19700.7044;2188.9672;2434.9185;270.5465
19615.1472;2179.4608;2424.344;269.3716
19519.9356;2168.8817;2412.5763;268.064
19445.8141;2160.646;2403.4152;267.0461
19372.2466;2152.4718;2394.3546;266.0358
19283.4487;2142.6054;2383.3266;264.8164
19201.6563;2133.5174;2373.2175;263.6932
19117.6646;2124.4783;2363.1628;262.576
19025.7055;2113.9673;2351.4917;261.2769
18963.3214;2107.0357;2343.7813;260.4201
18886.5594;2098.5066;2334.2939;259.366
18812.438;2090.2709;2325.1328;258.3481
18734.9048;2081.6561;2315.55;257.2833
18663.7438;2073.7493;2306.7548;256.3061
18578.0324;2064.2258;2296.1613;255.129
18509.7298;2056.6366;2287.7194;254.191
18432.9678;2048.1075;2278.232;253.1369
18357.5965;2039.7329;2268.9164;252.1018
18282.6637;2031.4071;2259.0759;251.0728
18211.644;2023.516;2250.2491;250.0975
18137.4909;2015.2768;2241.0841;249.0792
18069.8282;2007.7587;2232.6913;248.15
17996.1067;1999.5674;2223.5797;247.1375
17922.6912;1991.4101;2214.5059;246.1293
17855.8495;1983.9833;2206.9027;245.2114
17779.8641;1975.5405;2197.5113;244.1256
17708.6151;1967.6239;2188.7052;243.1471
17634.7411;1959.4157;2179.5747;242.175
17564.6554;1951.6284;2170.9125;241.2125
17496.9927;1944.1103;2162.5497;240.2833
17413.7413;1934.8601;2152.2602;239.14
17340.753;1926.7503;2143.2391;238.1377
17273.4841;1919.276;2134.925;237.2139
17206.2257;1911.8029;2126.6122;236.2902
17138.916;1904.324;2118.293;235.3659
17072.6814;1896.9646;2110.1067;234.4563
17007.7366;1889.7485;2102.0798;233.5644
16941.0965;1882.3441;2093.8434;232.6493
16876.5296;1875.17;2085.8632;231.7626
16812.0557;1868.0062;2077.8945;230.8772
16750.0565;1861.1174;2070.2317;230.0257
16684.5506;1853.839;2062.1355;229.1262
16619.4259;1846.6029;2054.0863;228.2318
16554.3737;1839.3749;2046.0462;227.3385
16493.0693;1832.5633;2038.4692;226.4966
16434.1181;1826.0131;2031.1831;225.687
16382.1273;1820.2364;2024.7573;224.973
16318.1754;1813.1306;2016.8531;224.0948
16245.8926;1805.0992;2007.9193;223.1021
16193.9018;1799.3224;2001.4935;222.3882
16131.9787;1792.4421;1993.8401;221.5378
16070.57;1785.6189;1986.2502;220.6945
16009.5187;1778.8354;1978.7046;219.8561
15950.0582;1772.2287;1971.3555;219.0395
15890.6958;1765.6329;1964.0186;218.2243
15831.6788;1759.0754;1956.7243;217.4138
15779.9905;1753.3323;1950.3359;216.704
15721.0499;1746.7833;1943.0511;215.8946
15656.2985;1739.5887;1935.0481;215.0053
15598.8872;1733.2097;1927.9523;214.2169
15541.5157;1726.8351;1920.8615;213.4291
15484.4538;1720.4949;1913.8089;212.6454
15427.4162;1714.1574;1906.7593;211.8621
15375.728;1708.4142;1900.3709;211.1523
15319.1906;1702.1323;1893.3831;210.3759
15262.7465;1695.8607;1886.4069;209.6008
15206.6309;1689.6257;1879.4712;208.8301
15152.042;1683.5602;1872.7243;208.0805
15097.491;1677.499;1865.982;207.3313
15043.2343;1671.4705;1859.2761;206.5862
14989.0007;1665.4445;1852.5731;205.8415
14935.1167;1659.4574;1845.9133;205.1015
14883.0177;1653.6686;1839.4741;204.386
14830.9409;1647.8823;1833.0376;203.6708
14778.914;1642.1016;1826.6073;202.9564
14727.718;1636.4131;1820.2798;202.2533
14675.9222;1630.658;1813.878;201.542
14624.2119;1624.9124;1807.4869;200.8319
14574.777;1619.4197;1801.3769;200.153
14523.542;1613.7269;1795.0445;199.4494
14474.3948;1608.2661;1788.9701;198.7745
14427.202;1603.0224;1783.1373;198.106
14376.92;1597.4356;1776.9227;197.4154
14326.944;1591.8827;1770.7459;196.7291
14277.4063;1586.3785;1764.6232;196.0488
14227.8896;1580.8766;1758.5032;195.3688
14178.4204;1575.38;1752.389;194.6895
14131.2361;1570.1373;1746.5573;194.0414
14081.9866;1564.6652;1740.4703;193.3651
14032.8185;1559.2021;1734.3933;192.6898
13987.2522;1554.1391;1728.7615;192.0419
13938.5731;1548.7303;1722.745;191.4161
13890.763;1543.4181;1716.8359;190.7595
13843.2439;1538.1382;1710.9627;190.107
13796.031;1532.8923;1705.1274;189.4586
13750.7421;1527.8602;1699.5299;188.8367
13705.8694;1522.8744;1693.9839;188.2204
13658.9313;1517.659;1688.1825;187.5758
13610.5895;1512.2877;1682.2077;186.912
13565.7168;1507.3019;1676.6616;186.2957
13520.0874;1502.2319;1671.022;185.6691
13476.7612;1497.4179;1665.6671;185.0741
13431.3974;1492.3775;1660.0603;184.4511
13388.3349;1487.5928;1654.738;183.8598
13343.443;1482.6048;1649.1896;183.2433
13302.093;1478.0103;1644.0789;182.6754
13253.9478;1472.6609;1638.1284;182.0143
13212.5978;1468.0664;1633.0177;181.4464
13168.1525;1463.1281;1627.5245;180.8361
13123.9658;1458.2184;1622.0632;180.2292
13080.2653;1453.3628;1616.662;179.6291
13036.8307;1448.5367;1611.2937;179.0326
12993.4445;1443.7161;1605.9313;178.4368
12952.3352;1439.1484;1600.8504;177.8723
12909.2015;1434.3557;1595.5193;177.2799
12869.8843;1429.9871;1590.6599;176.74
12827.034;1425.226;1585.3637;176.1515
12785.4818;1420.6091;1580.2281;175.5809
12746.3934;1416.2659;1575.3969;175.0441
12705.0941;1411.6771;1570.2925;174.4769
12670.4098;1407.8233;1566.0057;174.0006
12629.6661;1403.2962;1560.97;173.4411
12588.9483;1398.772;1555.9374;172.8819
12549.2914;1394.3657;1551.036;172.3373
12509.6893;1389.9655;1546.1414;171.7935
12470.2632;1385.5848;1541.2685;171.2521
12430.9021;1381.2113;1536.4036;170.7115
12396.4289;1377.381;1532.1429;170.2381
12363.4498;1373.7166;1528.0668;169.7852
12324.6182;1369.402;1523.2674;169.2519
12285.9021;1365.1002;1518.4823;168.7203
12247.612;1360.8458;1513.7498;168.1944
12209.3381;1356.5931;1509.0193;167.6688
12171.2708;1352.3634;1504.3144;167.146
12133.2299;1348.1367;1499.6127;166.6236
12090.8466;1343.4274;1494.3743;166.0416
12053.3174;1339.2575;1489.7359;165.5262
12015.8295;1335.0922;1485.1025;165.0114
11978.4035;1330.9337;1480.4768;164.4974
11941.4809;1326.8312;1475.9134;163.9904
11905.0732;1322.7859;1471.4135;163.4904
11868.6809;1318.7423;1466.9156;162.9906
11832.485;1314.7206;1462.442;162.4936
11796.3143;1310.7016;1457.9714;161.9968
11760.3766;1306.7085;1453.5297;161.5033
11724.6481;1302.7387;1449.1138;161.0126
11688.9639;1298.7738;1444.7034;160.5226
11653.9894;1294.8877;1440.3807;160.0423
11619.233;1291.0259;1436.085;159.565
11584.5006;1287.1667;1431.7922;159.088
11549.8015;1283.3113;1427.5036;158.6115
11516.8224;1279.6469;1423.4275;158.1586
11482.2774;1275.8086;1419.1579;157.6842
11447.7472;1271.9719;1414.8901;157.21
11413.2501;1268.1389;1410.6264;156.7363
11380.4716;1264.4968;1406.5751;156.2861
11346.3007;1260.7001;1402.3518;155.8169
11312.2912;1256.9212;1398.1483;155.3498
11278.3191;1253.1466;1393.9496;154.8833
11244.7838;1249.4204;1389.8047;154.4227
11211.1973;1245.6886;1385.6536;153.9615
11177.9422;1241.9936;1381.5434;153.5048
11144.8944;1238.3216;1377.4589;153.051
11111.9012;1234.6557;1373.381;152.5979
11079.1227;1231.0136;1369.3298;152.1478
11046.276;1227.364;1365.2701;151.6967
11013.4434;1223.7159;1361.2121;151.2458
10980.6421;1220.0713;1357.158;150.7953
10949.1672;1216.5741;1353.2679;150.3631
10916.5502;1212.95;1349.2365;149.9152
10884.2127;1209.357;1345.2398;149.4711
10852.326;1205.814;1341.2987;149.0332
10820.6249;1202.2917;1337.3806;148.5978
10788.9306;1198.7701;1333.4633;148.1626
10757.4338;1195.2704;1329.5705;147.7301
10726.142;1191.7936;1325.7029;147.3003
10694.8369;1188.3152;1321.8338;146.8704
10664.4467;1184.9385;1318.0777;146.4531
10633.4332;1181.4926;1314.2446;146.0272
10602.4395;1178.0488;1310.4139;145.6015
10571.8082;1174.6454;1306.628;145.1809
10541.3677;1171.2631;1302.8657;144.7629
10511.1544;1167.906;1299.1314;144.3479
10480.8992;1164.5444;1295.392;143.9324
10450.9716;1161.2191;1291.6931;143.5215
10420.8354;1157.8706;1287.9684;143.1076
10390.887;1154.543;1284.2669;142.6963
10361.1336;1151.2371;1280.5895;142.2877
10331.3675;1147.9297;1276.9106;141.879
10302.4713;1144.719;1273.3392;141.4821
10272.9134;1141.4348;1269.6859;141.0762
10243.4433;1138.1604;1266.0436;140.6715
10214.2975;1134.9219;1262.4413;140.2713
10185.172;1131.6858;1258.8415;139.8713
10156.1958;1128.4662;1255.2602;139.4734
10127.2519;1125.2502;1251.6828;139.0759
10098.5239;1122.0582;1248.1322;138.6814
10069.7561;1118.8618;1244.5766;138.2863
10042.1705;1115.7967;1241.1671;137.9075
10013.5917;1112.6213;1237.6349;137.515
9985.0251;1109.4472;1234.1042;137.1227
9956.6126;1106.2903;1230.5926;136.7325
9928.5078;1103.1675;1227.1189;136.3465
9900.4033;1100.0448;1223.6453;135.9606
9872.6447;1096.9605;1220.2145;135.5794
9844.9317;1093.8813;1216.7893;135.1988
9817.5141;1090.8349;1213.4006;134.8223
9789.9623;1087.7736;1209.9953;134.4439
9763.7329;1084.8592;1206.7535;134.0837
9736.5591;1081.8399;1203.3949;133.7105
9709.3969;1078.8219;1200.0378;133.3375
9682.3812;1075.8201;1196.6988;132.9665
9655.6583;1072.8509;1193.396;132.5996
9629.0363;1069.8929;1190.1056;132.234
9602.5803;1066.9534;1186.8358;131.8706
9576.1679;1064.0187;1183.5713;131.5079
9549.774;1061.086;1180.3091;131.1455
9523.479;1058.1643;1177.0592;130.7844
9497.2203;1055.2467;1173.8137;130.4237
9471.1505;1052.3501;1170.5916;130.0657
9448.018;1049.7798;1167.7326;129.7481
9422.0379;1046.8931;1164.5215;129.3913
9396.0966;1044.0107;1161.3153;129.035
9370.1981;1041.1331;1158.1144;128.6794
9344.3106;1038.2567;1154.9148;128.3239
9318.5628;1035.3959;1151.7325;127.9703
9293.0363;1032.5596;1148.5775;127.6197
9267.5676;1029.7297;1145.4297;127.27
9242.1788;1026.9088;1142.2918;126.9213
9216.8008;1024.089;1139.1552;126.5728
9191.4876;1021.2764;1136.0266;126.2252
9166.3322;1018.4814;1132.9175;125.8797
9141.2183;1015.6909;1129.8135;125.5348
9116.1884;1012.9098;1126.7199;125.1911
9091.186;1010.1318;1123.6297;124.8477
9066.2183;1007.3576;1120.5438;124.5049
9041.334;1004.5927;1117.4683;124.1631
9016.6312;1001.8479;1114.4151;123.8239
8991.9651;999.1072;1111.3665;123.4852
8967.3398;996.3711;1108.3229;123.147
8942.725;993.6361;1105.2806;122.809
8918.243;990.9159;1102.2548;122.4728
8893.9714;988.219;1099.2549;122.1394
8869.7548;985.5283;1096.2618;121.8069
8844.6162;982.7351;1093.1548;121.4616
8820.491;980.0546;1090.173;121.1303
8796.5162;977.3907;1087.2099;120.8011
8772.6872;974.743;1084.2647;120.4739
8748.8879;972.0987;1081.3232;120.147
8725.227;969.4697;1078.3988;119.8221
8701.7186;966.8576;1075.4933;119.4993
8678.3925;964.2658;1072.6103;119.1789
8655.0765;961.6752;1069.7286;118.8587
8631.8862;959.0985;1066.8623;118.5403
8608.7055;956.5228;1063.9973;118.2219
8585.5348;953.9483;1061.1335;117.9037
8562.4023;951.378;1058.2744;117.586
8539.3566;948.8174;1055.4261;117.2696
8516.3268;946.2585;1052.5797;116.9533
8493.3191;943.7021;1049.7361;116.6373
8470.3213;941.1468;1046.8936;116.3215
8447.3821;938.598;1044.0585;116.0065
8424.5858;936.0651;1041.2409;115.6934
8401.8659;933.5407;1038.4329;115.3814
8379.1834;931.0204;1035.6294;115.0699
8356.526;928.5029;1032.8291;114.7588
8333.9755;925.9973;1030.0419;114.4491
8311.6228;923.5136;1027.2792;114.1421
8289.3868;921.043;1024.531;113.8368
8267.2075;918.5786;1021.7897;113.5322
8245.0377;916.1153;1019.0496;113.2277
8222.9874;913.6653;1016.3243;112.9249
8200.9464;911.2163;1013.6001;112.6222
8178.9148;908.7683;1010.8771;112.3197
8156.9195;906.3244;1008.1586;112.0176
8135.0067;903.8896;1005.4503;111.7167
8113.1091;901.4566;1002.7438;111.416
8091.2325;899.0258;1000.04;111.1156
8069.3652;896.5961;997.3373;110.8153
8047.6115;894.1791;994.6486;110.5165
8025.9844;891.776;991.9756;110.2195
8004.3814;889.3757;989.3056;109.9228
7982.8141;886.9793;986.6399;109.6267
7961.3722;884.5969;983.9898;109.3322
7939.9795;882.2199;981.3458;109.0384
7918.8062;879.8674;978.7289;108.7477
7897.6633;877.5181;976.1157;108.4573
7876.525;875.1694;973.5031;108.167
7855.3956;872.8217;970.8916;107.8768
7834.3802;870.4867;968.2942;107.5882
7813.3736;868.1526;965.6979;107.2998
7792.3759;865.8195;963.1026;107.0114
7771.4355;863.4928;960.5145;106.7238
7750.5511;861.1723;957.9333;106.437
7729.6813;858.8535;955.3539;106.1504
7708.997;856.5552;952.7974;105.8664
7688.4079;854.2675;950.2527;105.5836
7667.844;851.9827;947.7111;105.3012
7647.4145;849.7127;945.1861;105.0207
7627.0735;847.4526;942.672;104.7413
7606.763;845.1959;940.1617;104.4624
7586.4609;842.9401;937.6525;104.1836
7566.277;840.6974;935.1578;103.9064
7546.1264;838.4585;932.6673;103.6297
7525.994;836.2216;930.179;103.3532
7505.8948;833.9883;927.6949;103.0772
7485.8042;831.756;925.2118;102.8013
7465.822;829.5358;922.742;102.5269
7445.848;827.3164;920.2734;102.2526
7425.8827;825.0981;917.8057;101.9784
7405.9717;822.8857;915.3448;101.705
7386.114;820.6793;912.8905;101.4323
7366.2701;818.4745;910.4379;101.1598
7346.4945;816.2772;907.9937;100.8882
7326.7484;814.0832;905.5532;100.617
7307.0349;811.8928;903.1167;100.3463
7287.4361;809.7151;900.6943;100.0771
7267.8591;807.5399;898.2747;99.8083
7248.434;805.3816;895.8739;99.5415
7229.0477;803.2275;893.4778;99.2753
7209.7221;801.0802;891.0893;99.0099
7190.4101;798.9345;888.7024;98.7447
7171.1061;796.7896;886.3165;98.4796
7151.9144;794.6572;883.9445;98.2161
7132.7268;792.5252;881.573;97.9526
7113.5669;790.3963;879.2049;97.6894
7094.5013;788.2779;876.8485;97.4276
7075.449;786.161;874.4937;97.166
7056.4994;784.0555;872.1516;96.9057
7037.5579;781.9509;869.8105;96.6456
7018.7545;779.8616;867.4865;96.3874
6999.9791;777.7755;865.166;96.1296
6981.2348;775.6928;862.8492;95.8721
6962.4906;773.6101;860.5325;95.6147
6943.8553;771.5395;858.2293;95.3588
6925.2202;769.4689;855.9261;95.1029
6906.6762;767.4085;853.6341;94.8482
6888.1628;765.3514;851.346;94.594
6869.7295;763.3033;849.0677;94.3409
6851.3238;761.2582;846.7928;94.0881
6832.9257;759.214;844.5189;93.8354
6814.5503;757.1723;842.2478;93.5831
6796.2593;755.1399;839.9871;93.3319
6778.015;753.1128;837.7322;93.0814
6759.8867;751.0985;835.4916;92.8324
6741.771;749.0857;833.2526;92.5836
6723.7531;747.0837;831.0257;92.3362
6705.7428;745.0825;828.7997;92.0889
6687.8486;743.0943;826.588;91.8431
6670.0259;741.114;824.3852;91.5984
6652.2705;739.1412;822.1907;91.3545
6634.5516;737.1724;820.0008;91.1112
6616.8995;735.2111;817.819;90.8688
6599.2548;733.2505;815.6382;90.6265
6581.6224;731.2914;813.4589;90.3843
6564.0191;729.3355;811.2833;90.1426
6546.4771;727.3863;809.1151;89.9017
6528.964;725.4404;806.9506;89.6612
6511.4632;723.4959;804.7876;89.4208
6493.9696;721.5522;802.6255;89.1806
6476.5779;719.6198;800.4759;88.9418
6459.2506;717.6945;798.3343;88.7038
6441.9491;715.7721;796.196;88.4662
6424.6551;713.8506;794.0585;88.2287
6407.3776;711.9308;791.9231;87.9915
6390.1121;710.0125;789.7891;87.7543
6372.8856;708.0984;787.66;87.5178
6355.6849;706.1872;785.5341;87.2816
6338.5125;704.2792;783.4117;87.0457
6321.3475;702.3719;781.2901;86.81
6304.333;700.4814;779.1872;86.5764
6287.3187;698.591;777.0843;86.3427
6270.3325;696.7036;774.9849;86.1094
6253.4068;694.823;772.893;85.877
6236.5194;692.9466;770.8058;85.6451
6219.6369;691.0708;768.7192;85.4132
6202.832;689.2036;766.6422;85.1825
6186.0478;687.3386;764.5677;84.952
6169.2705;685.4745;762.4941;84.7216
6152.5725;683.6192;760.4303;84.4923
6135.8928;681.7659;758.3688;84.2632
6119.2407;679.9156;756.3106;84.0345
6102.6443;678.0716;754.2594;83.8066
6086.1688;676.241;752.2231;83.5803
6069.718;674.4131;750.1899;83.3544
6053.2741;672.586;748.1575;83.1286
6036.846;670.7607;746.127;82.903
6020.4293;668.9366;744.098;82.6776
6004.0497;667.1166;742.0736;82.4526
5987.6945;665.2994;740.0521;82.228
5971.3664;663.4852;738.0341;82.0038
5955.0452;661.6717;736.0168;81.7796
5938.8674;659.8742;734.0173;81.5575
5922.7162;658.0796;732.0211;81.3357
5906.5994;656.2888;730.0291;81.1143
5890.5058;654.5006;728.04;80.8933
5874.4156;652.7128;726.0514;80.6724
5858.3585;650.9287;724.0668;80.4519
5842.3619;649.1513;722.0897;80.2322
5826.372;647.3747;720.1134;80.0126
5810.3933;645.5993;718.1385;79.7932
5794.4538;643.8282;716.1684;79.5743
5778.557;642.0619;714.2037;79.356
5762.6798;640.2978;712.2413;79.1379
5746.8993;638.5444;710.2909;78.9212
5731.1711;636.7968;708.347;78.7052
5715.4923;635.0547;706.4092;78.4899
5699.8202;633.3134;704.4722;78.2747
5684.2326;631.5814;702.5456;78.0606
5668.6713;629.8524;700.6223;77.8469
5653.1208;628.1245;698.7003;77.6334
5637.6541;626.406;696.7887;77.421
5622.1941;624.6882;694.8779;77.2087
5606.7405;622.9712;692.9679;76.9964
5591.3219;621.258;691.0623;76.7847
5575.9517;619.5502;689.1626;76.5736
5560.588;617.8431;687.2637;76.3626
5545.2497;616.1389;685.3679;76.152
5529.9252;614.4361;683.4739;75.9415
5514.626;612.7362;681.583;75.7314
5499.4159;611.0462;679.7031;75.5226
5484.2121;609.3569;677.824;75.3138
5469.0562;607.6729;675.9508;75.1056
5453.9032;605.9892;674.0779;74.8975
5438.7712;604.3079;672.2077;74.6897
5423.6559;602.6284;670.3395;74.4822
5408.5911;600.9546;668.4776;74.2753
5393.5512;599.2835;666.6187;74.0687
5378.5963;597.6218;664.7703;73.8634
5363.6882;595.9654;662.9278;73.6586
5348.7866;594.3096;661.086;73.454
5333.9653;592.6628;659.2541;73.2505
5319.169;591.0188;657.4254;73.0473
5304.383;589.3759;655.5979;72.8442
5289.6767;587.7419;653.7803;72.6423
5274.9767;586.1085;651.9634;72.4404
5260.2828;584.4759;650.1473;72.2386
5245.6222;582.8469;648.3353;72.0373
5231.0076;581.2231;646.529;71.8366
5216.3992;579.5999;644.7235;71.6359
5201.7939;577.9771;642.9184;71.4354
5187.2097;576.3566;641.1158;71.2351
5172.6973;574.7441;639.3221;71.0358
5158.2732;573.1415;637.5394;70.8377
5143.8652;571.5406;635.7586;70.6398
5129.4771;569.9419;633.9803;70.4423
5115.1529;568.3503;632.2099;70.2455
5100.8524;566.7614;630.4424;70.0492
5086.5847;565.1761;628.679;69.8532
5072.4;563.6;626.9258;69.6584
5058.2785;562.0309;625.1805;69.4645
5044.1631;560.4626;623.4359;69.2707
5030.0612;558.8957;621.693;69.077
5015.9691;557.3299;619.9512;68.8835
5001.9298;555.77;618.216;68.6907
4987.9138;554.2126;616.4837;68.4982
4973.9036;552.656;614.7521;68.3058
4959.8994;551.0999;613.0213;68.1135
4945.9333;549.5481;611.2951;67.9217
4932.0045;548.0005;609.5736;67.7304
4918.0818;546.4535;607.8528;67.5392
4904.1945;544.9105;606.1364;67.3485
4890.3097;543.3677;604.4203;67.1578
4876.5107;541.8345;602.7148;66.9683
4862.7789;540.3088;601.0176;66.7797
4849.0639;538.7849;599.3225;66.5914
4835.412;537.268;597.6352;66.4039
4821.7831;535.7537;595.9507;66.2167
4808.2168;534.2463;594.274;66.0304
4794.6708;532.7412;592.5998;65.8444
4781.1834;531.2426;590.9328;65.6592
4767.7218;529.7469;589.269;65.4743
4754.2946;528.255;587.6094;65.2899
4740.8731;526.7637;585.9506;65.1056
4727.4645;525.2738;584.2934;64.9215
4714.0652;523.785;582.6373;64.7375
4700.7161;522.3018;580.9874;64.5542
4687.3891;520.821;579.3402;64.3711
4674.0677;519.3409;577.6938;64.1882
4660.7519;517.8613;576.048;64.0053
4647.4724;516.3858;574.4067;63.823
4634.2284;514.9143;572.7698;63.6411
4620.9901;513.4433;571.1336;63.4593
4607.7879;511.9764;569.5019;63.278
4594.5986;510.511;567.8717;63.0969
4581.4291;509.0477;566.244;62.916
4568.2777;507.5864;564.6186;62.7354
4555.1652;506.1295;562.9979;62.5553
4542.0723;504.6747;561.3797;62.3755
4529.001;503.2223;559.7642;62.196
4515.9442;501.7716;558.1504;62.0167
4502.9635;500.3293;556.546;61.8384
4490.0045;498.8894;554.9444;61.6605
4477.0535;497.4504;553.3437;61.4826
4464.1239;496.0138;551.7457;61.3051
4451.2439;494.5827;550.1537;61.1282
4438.3895;493.1544;548.565;60.9517
4425.5897;491.7322;546.983;60.7759
4412.7926;490.3103;545.4013;60.6001
4400.0011;488.889;543.8204;60.4245
4387.2785;487.4754;542.2479;60.2498
4374.5628;486.0625;540.6763;60.0751
4361.8525;484.6503;539.1054;59.9006
4349.1753;483.2417;537.5385;59.7265
4336.5336;481.8371;535.9761;59.5529
4323.9007;480.4334;534.4147;59.3794
4311.3599;479.04;532.8647;59.2072
4298.8377;477.6486;531.317;59.0352
4286.3329;476.2592;529.7715;58.8635
4273.8651;474.8739;528.2305;58.6923
4261.4158;473.4906;526.6918;58.5213
4248.9871;472.1097;525.1557;58.3506
4236.5585;470.7287;523.6196;58.18
4224.1907;469.3545;522.091;58.0101
4211.84;467.9822;520.5645;57.8405
4199.5256;466.614;519.0425;57.6714
4187.2298;465.2478;517.5228;57.5025
4174.9358;463.8818;516.0033;57.3337
4162.6602;462.5178;514.4861;57.1651
4150.3925;461.1547;512.9699;56.9967
4138.1701;459.7967;511.4592;56.8288
4125.971;458.4412;509.9515;56.6613
4113.8031;457.0892;508.4476;56.4942
4101.6404;455.7378;506.9443;56.3271
4089.5432;454.3937;505.4492;56.161
4077.4527;453.0503;503.9548;55.995
4065.3673;451.7075;502.4611;55.829
4053.3133;450.3681;500.9713;55.6635
4041.2931;449.0326;499.4857;55.4984
4029.2812;447.6979;498.001;55.3334
4017.3092;446.3677;496.5214;55.169
4005.3747;445.0416;495.0463;55.0051
3993.5097;443.7233;493.5799;54.8422
3981.6647;442.4072;492.1159;54.6795
3969.8471;441.0941;490.6553;54.5173
3958.0742;439.786;489.2002;54.3556
3946.3144;438.4794;487.7467;54.1941
3934.5708;437.1745;486.2953;54.0328
3922.8344;435.8705;484.8447;53.8716
3911.1349;434.5705;483.3987;53.711
3899.4435;433.2715;481.9537;53.5504
3887.7714;431.9746;480.5111;53.3901
3876.1068;430.6785;479.0694;53.2299
3864.5075;429.3897;477.6358;53.0706
3852.9653;428.1073;476.2092;52.9121
3841.4311;426.8257;474.7836;52.7537
3829.908;425.5453;473.3594;52.5955
3818.3897;424.2655;471.9358;52.4373
3806.9007;422.989;470.5158;52.2795
3795.4287;421.7143;469.0979;52.122
3783.9617;420.4402;467.6807;51.9645
3772.5056;419.1673;466.2647;51.8072
3761.0575;417.8953;464.8498;51.65
3749.674;416.6304;463.4429;51.4937
3738.3262;415.3696;462.0403;51.3378
3726.9786;414.1087;460.6378;51.182
3715.6969;412.8552;459.2434;51.027
3704.4154;411.6017;457.8491;50.8721
3693.1524;410.3503;456.457;50.7174
3681.8897;409.0989;455.065;50.5628
3670.6818;407.8535;453.6798;50.4089
3659.4876;406.6097;452.2962;50.2551
3648.3282;405.3698;450.917;50.1019
3637.1855;404.1317;449.5398;49.9489
3626.0489;402.8943;448.1633;49.7959
3614.9245;401.6583;446.7884;49.6432
3603.8073;400.423;445.4144;49.4905
3592.7355;399.1928;444.046;49.3384
3581.7607;397.9734;442.6895;49.1877
3570.7936;396.7548;441.334;49.0371
3559.837;395.5374;439.9798;48.8866
3548.885;394.3206;438.6262;48.7362
3537.9607;393.1067;437.276;48.5862
3527.0527;391.8947;435.9279;48.4364
3516.1494;390.6833;434.5803;48.2867
3505.2565;389.4729;433.234;48.1371
3494.3712;388.2635;431.8886;47.9876
3483.5815;387.0646;430.555;47.8394
3472.8325;385.8703;429.2265;47.6918
3462.0882;384.6765;427.8985;47.5443
3451.3541;383.4838;426.5719;47.3969
3440.6271;382.2919;425.246;47.2496
3429.9179;381.102;423.9224;47.1025
3419.2314;379.9146;422.6016;46.9557
3408.5626;378.7292;421.283;46.8092
3397.9057;377.5451;419.9659;46.6629
3387.2749;376.3639;418.652;46.5169
3376.6726;375.1858;417.3416;46.3713
3366.0777;374.0086;416.0321;46.2258
3355.4885;372.8321;414.7233;46.0804
3344.9179;371.6575;413.4168;45.9352
3334.349;370.4832;412.1106;45.7901
3323.8215;369.3135;410.8094;45.6455
3313.3317;368.148;409.5129;45.5014
3302.872;366.9858;408.2201;45.3578
3292.4195;365.8244;406.9283;45.2143
3281.9907;364.6656;405.6393;45.071
3271.5947;363.5105;404.3544;44.9283
3261.2031;362.3559;403.07;44.7856
3250.8245;361.2027;401.7873;44.643
3240.4504;360.05;400.5051;44.5006
3230.1323;358.9036;399.2298;44.3589
3219.8213;357.7579;397.9554;44.2173
3209.5379;356.6153;396.6845;44.0761
3199.2912;355.4768;395.418;43.9353
3189.0677;354.3409;394.1544;43.7949
3178.8471;353.2052;392.8912;43.6546
3168.6311;352.0701;391.6286;43.5143
3158.4246;350.9361;390.3671;43.3741
3148.2635;349.8071;389.1112;43.2346
3138.1192;348.6799;387.8574;43.0953
3128.0103;347.5567;386.608;42.9564
3117.9022;346.4336;385.3587;42.8176
3107.81;345.3122;384.1113;42.679
3097.7289;344.1921;382.8654;42.5406
3087.6796;343.0755;381.6233;42.4026
3077.6322;341.9591;380.3815;42.2646
3067.5987;340.8443;379.1414;42.1268
3057.6246;339.7361;377.9087;41.9899
3047.6791;338.631;376.6794;41.8533
3037.7405;337.5267;375.4511;41.7168
3027.8244;336.4249;374.2255;41.5806
3017.9395;335.3266;373.0038;41.4449
3008.0587;334.2287;371.7825;41.3092
2998.1904;333.1323;370.5629;41.1737
2988.3263;332.0363;369.3437;41.0382
2978.5154;330.9462;368.1311;40.9035
2968.7113;329.8568;366.9194;40.7688
2958.9335;328.7704;365.7109;40.6345
2949.1905;327.6878;364.5067;40.5007
2939.4496;326.6055;363.3028;40.367
2929.713;325.5237;362.0994;40.2333
2919.9921;324.4436;360.8979;40.0998
2910.3079;323.3675;359.701;39.9668
2900.6289;322.2921;358.5047;39.8339
2890.9792;321.2199;357.312;39.7013
2881.3566;320.1507;356.1227;39.5692
2871.7446;319.0827;354.9347;39.4372
2862.1486;318.0165;353.7487;39.3054
2852.5952;316.955;352.5679;39.1742
2843.055;315.895;351.3888;39.0432
2833.5945;314.8438;350.2196;38.9133
2824.1738;313.7971;349.0552;38.7839
2814.7596;312.7511;347.8916;38.6546
2805.3544;311.706;346.7292;38.5255
2795.9532;310.6615;345.5673;38.3964
2786.5898;309.6211;344.41;38.2678
2777.2304;308.5812;343.2532;38.1392
2767.88;307.5422;342.0975;38.0108
2758.536;306.504;340.9427;37.8825
2749.1981;305.4665;339.7885;37.7543
2739.9123;304.4347;338.6409;37.6268
2730.6503;303.4056;337.4961;37.4996
2721.3899;302.3767;336.3516;37.3724
2712.132;301.348;335.2073;37.2453
2702.9238;300.3249;334.0692;37.1188
2693.7207;299.3023;332.9318;36.9924
2684.5454;298.2828;331.7977;36.8664
2675.3846;297.265;330.6655;36.7406
2666.235;296.2483;329.5347;36.615
2657.1299;295.2367;328.4093;36.4899
2648.0402;294.2267;327.2859;36.3651
2639.0033;293.2226;326.169;36.241
2630.008;292.2231;325.0572;36.1175
2621.0504;291.2278;323.95;35.9944
2612.099;290.2332;322.8437;35.8715
2603.1562;289.2396;321.7384;35.7487
2594.2172;288.2464;320.6336;35.626
2585.3141;287.2571;319.5332;35.5037
2576.4148;286.2683;318.4333;35.3815
2567.524;285.2804;317.3344;35.2594
2558.6394;284.2933;316.2363;35.1374
2549.7606;283.3067;315.1389;35.0154
2540.9313;282.3257;314.0477;34.8942
2532.1262;281.3474;312.9594;34.7733
2523.3404;280.3712;311.8735;34.6526
2514.5692;279.3966;310.7895;34.5322
2505.8239;278.4249;309.7086;34.4121
2497.0917;277.4546;308.6293;34.2921
2488.3715;276.4857;307.5515;34.1724
2479.661;275.5179;306.475;34.0528
2471.0036;274.556;305.4049;33.9339
2462.3607;273.5956;304.3367;33.8152
2453.7231;272.6359;303.2691;33.6966
2445.1305;271.6812;302.2071;33.5786
2436.5432;270.727;301.1458;33.4606
2427.97;269.7744;300.0862;33.3429
2419.4328;268.8259;299.031;33.2257
2410.9015;267.8779;297.9766;33.1085
2402.4163;266.9351;296.9279;32.992
2393.9346;265.9927;295.8796;32.8755
2385.4576;265.0508;294.8318;32.7591
2376.9954;264.1106;293.786;32.6429
2368.5404;263.1712;292.741;32.5268
2360.1091;262.2343;291.6989;32.411
2351.6814;261.2979;290.6573;32.2953
2343.2756;260.364;289.6183;32.1798
2334.9218;259.4358;288.5858;32.0651
2326.5818;258.5091;287.5551;31.9506
2318.2664;257.5852;286.5273;31.8364
2309.9634;256.6626;285.5011;31.7223
2301.672;255.7413;284.4763;31.6085
2293.4211;254.8246;283.4565;31.4952
2285.1838;253.9093;282.4385;31.3821
2276.9709;252.9968;281.4234;31.2693
2268.7702;252.0856;280.4098;31.1566
2260.5809;251.1757;279.3976;31.0442
2252.399;250.2666;278.3864;30.9318
2244.2207;249.3579;277.3756;30.8195
2236.0555;248.4506;276.3664;30.7074
2227.9038;247.5449;275.3589;30.5954
2219.7696;246.6411;274.3535;30.4837
2211.652;245.7391;273.3503;30.3723
2203.5402;244.8378;272.3477;30.2609
2195.4721;243.9413;271.3505;30.1501
2187.4074;243.0453;270.3537;30.0393
2179.3471;242.1497;269.3575;29.9286
2171.3009;241.2557;268.363;29.8181
2163.2616;240.3624;267.3694;29.7077
2155.2448;239.4716;266.3786;29.5976
2147.2314;238.5813;265.3881;29.4876
2139.2388;237.6932;264.4003;29.3778
2131.2541;236.806;263.4134;29.2682
2123.2924;235.9214;262.4294;29.1588
2115.3542;235.0394;261.4483;29.0498
2107.4409;234.1601;260.4702;28.9411
2099.5409;233.2823;259.4938;28.8326
2091.6869;232.4097;258.5231;28.7248
2083.8416;231.538;257.5535;28.6171
2076.0093;230.6677;256.5854;28.5095
2068.1818;229.798;255.618;28.402
2060.3843;228.9316;254.6542;28.2949
2052.5976;228.0664;253.6918;28.188
2044.8156;227.2017;252.73;28.0811
2037.036;226.3373;251.7685;27.9743
2029.2597;225.4733;250.8074;27.8675
2021.5253;224.6139;249.8514;27.7613
2013.8273;223.7586;248.9;27.6556
2006.1326;222.9036;247.949;27.5499
1998.4506;222.0501;246.9995;27.4444
1990.7974;221.1997;246.0536;27.3393
1983.1495;220.3499;245.1084;27.2343
1975.509;219.501;244.164;27.1293
1967.8716;218.6524;243.2201;27.0245
1960.2795;217.8088;242.2817;26.9202
1952.7092;216.9677;241.3461;26.8162
1945.1612;216.129;240.4132;26.7126
1937.6369;215.293;239.4832;26.6092
1930.1127;214.457;238.5533;26.5059
1922.6011;213.6223;237.6249;26.4028
1915.1241;212.7916;236.7007;26.3001
1907.6562;211.9618;235.7777;26.1975
1900.2135;211.1348;234.8578;26.0953
1892.7819;210.3091;233.9393;25.9933
1885.3551;209.4839;233.0214;25.8913
1877.9406;208.6601;232.105;25.7894
1870.5293;207.8366;231.189;25.6877
1863.1299;207.0144;230.2745;25.5861
1855.7456;206.194;229.3618;25.4846
1848.3742;205.3749;228.4507;25.3834
1841.0547;204.5616;227.5461;25.2829
1833.7382;203.7487;226.6418;25.1824
1826.4339;202.9371;225.739;25.0821
1819.1569;202.1285;224.8396;24.9822
1811.885;201.3206;223.9408;24.8823
1804.62;200.5133;223.0429;24.7825
1797.3582;199.7065;222.1454;24.6828
1790.1873;198.9097;221.2591;24.5843
1783.0214;198.1135;220.3734;24.4859
1775.8624;197.318;219.4886;24.3876
1768.7081;196.5231;218.6044;24.2894
1761.5808;195.7312;217.7235;24.1915
1754.4567;194.9396;216.843;24.0937
1747.3393;194.1488;215.9633;23.9959
1740.2298;193.3589;215.0846;23.8983
1733.1636;192.5737;214.2112;23.8012
1726.1019;191.7891;213.3384;23.7043
1719.0519;191.0058;212.4671;23.6075
1712.003;190.2226;211.5959;23.5107
1704.9561;189.4396;210.7249;23.4139
1697.9348;188.6594;209.8571;23.3175
1690.9258;187.8806;208.9908;23.2212
1683.9498;187.1055;208.1286;23.1254
1676.9767;186.3307;207.2668;23.0296
1670.0213;185.5579;206.4071;22.9341
1663.0858;184.7873;205.5499;22.8389
1656.1552;184.0172;204.6933;22.7437
1649.2362;183.2485;203.8382;22.6487
1642.3546;182.4838;202.9876;22.5542
1635.4759;181.7195;202.1375;22.4597
1628.6574;180.9619;201.2947;22.3661
1621.839;180.2043;200.452;22.2724
1615.0255;179.4473;199.6099;22.1789
1608.2183;178.6909;198.7686;22.0854
1601.4414;177.9379;197.931;21.9923
1594.6675;177.1853;197.0937;21.8993
1587.9;176.4333;196.2573;21.8064
1581.158;175.6842;195.424;21.7138
1574.4277;174.9364;194.5922;21.6214
1567.7249;174.1917;193.7638;21.5293
1561.0225;173.4469;192.9354;21.4373
1554.3308;172.7034;192.1083;21.3454
1547.6977;171.9664;191.2885;21.2543
1541.0674;171.2297;190.469;21.1632
1534.4539;170.4949;189.6516;21.0724
1527.8595;169.7622;188.8366;20.9818
1521.2695;169.0299;188.0221;20.8913
1514.6907;168.299;187.209;20.801
1508.1474;167.5719;186.4002;20.7111
1501.6069;166.8452;185.5919;20.6213
1495.1024;166.1225;184.7879;20.532
1488.604;165.4004;183.9848;20.4428
1482.1102;164.6789;183.1822;20.3536
1475.6269;163.9585;182.3809;20.2645
1469.168;163.2409;181.5826;20.1758
1462.7121;162.5236;180.7846;20.0872
1456.2763;161.8085;179.9892;19.9988
1449.8585;161.0954;179.196;19.9107
1443.4479;160.3831;178.4037;19.8226
1437.0485;159.6721;177.6127;19.7347
1430.6501;158.9611;176.8219;19.6469
1424.2768;158.253;176.0342;19.5594
1417.914;157.546;175.2478;19.472
1411.6309;156.8479;174.4712;19.3857
1405.3505;156.1501;173.695;19.2994
1399.0804;155.4534;172.9201;19.2133
1392.8339;154.7593;172.148;19.1276
1386.5917;154.0657;171.3765;19.0418
1380.3554;153.3728;170.6057;18.9562
1374.1219;152.6802;169.8353;18.8706
1367.894;151.9882;169.0655;18.7851
1361.7023;151.3003;168.3003;18.7
1355.5176;150.6131;167.5359;18.6151
1349.3387;149.9265;166.7722;18.5302
1343.1641;149.2405;166.009;18.4454
1337.0228;148.5581;165.25;18.3611
1330.8842;147.876;164.4913;18.2768
1324.7648;147.1961;163.735;18.1928
1318.655;146.5172;162.9798;18.1089
1312.5528;145.8392;162.2256;18.0251
1306.469;145.1632;161.4737;17.9415
1300.3948;144.4883;160.7229;17.8581
1294.3677;143.8186;159.978;17.7753
1288.3935;143.1548;159.2396;17.6933
1282.4218;142.4913;158.5016;17.6113
1276.46;141.8289;157.7647;17.5294
1270.5205;141.1689;157.0306;17.4478
1264.5852;140.5095;156.297;17.3663
1258.6555;139.8506;155.5642;17.2849
1252.7284;139.192;154.8316;17.2035
1246.8067;138.5341;154.0997;17.1222
1240.9122;137.8791;153.3712;17.0412
1235.0249;137.225;152.6435;16.9604
1229.1653;136.5739;151.9193;16.8799
1223.3399;135.9267;151.1993;16.7999
1217.524;135.2804;150.4805;16.7201
1211.7146;134.635;149.7625;16.6403
1205.939;133.9932;149.0486;16.561
1200.2082;133.3565;148.3403;16.4823
1194.4809;132.7201;147.6325;16.4036
1188.7871;132.0875;146.9287;16.3254
1183.0957;131.4551;146.2253;16.2473
1177.435;130.8261;145.5257;16.1695
1171.7782;130.1976;144.8265;16.0918
1166.1251;129.5695;144.1278;16.0142
1160.4813;128.9424;143.4303;15.9367
1154.8604;128.3178;142.7356;15.8595
1149.2495;127.6944;142.0421;15.7825
1143.6433;127.0715;141.3492;15.7055
1138.0386;126.4487;140.6565;15.6285
1132.4671;125.8297;139.9678;15.552
1126.928;125.2142;139.2832;15.4759
1121.398;124.5998;138.5998;15.4
1115.8951;123.9883;137.9196;15.3244
1110.4243;123.3805;137.2434;15.2493
1104.9624;122.7736;136.5684;15.1743
1099.5079;122.1675;135.8942;15.0994
1094.0622;121.5625;135.2212;15.0246
1088.6371;120.9597;134.5507;14.9501
1083.2144;120.3572;133.8804;14.8756
1077.8004;119.7556;133.2113;14.8013
1072.3888;119.1543;132.5424;14.7269
1067.0064;118.5563;131.8772;14.653
1061.6277;117.9586;131.2124;14.5792
1056.2525;117.3614;130.5481;14.5053
1050.8861;116.7651;129.8848;14.4316
1045.5416;116.1713;129.2242;14.3582
1040.2065;115.5785;128.5649;14.285
1034.8759;114.9862;127.906;14.2118
1029.5659;114.3962;127.2497;14.1389
1024.2715;113.8079;126.5954;14.0662
1018.9924;113.2214;125.9429;13.9937
1013.7542;112.6394;125.2955;13.9217
1008.5219;112.058;124.6488;13.8499
1003.32;111.48;124.0058;13.7784
998.1266;110.903;123.364;13.7071
992.9365;110.3263;122.7225;13.6358
987.7501;109.75;122.0815;13.5646
982.5918;109.1769;121.4439;13.4938
977.4356;108.604;120.8066;13.423
972.3036;108.0337;120.1724;13.3525
967.1807;107.4645;119.5392;13.2821
962.0764;106.8974;118.9083;13.212
956.9743;106.3305;118.2777;13.142
951.8807;105.7645;117.6482;13.072
946.8317;105.2035;117.0241;13.0027
941.7976;104.6442;116.4019;12.9335
936.778;104.0864;115.7815;12.8646
931.7912;103.5324;115.1652;12.7961
926.8105;102.9789;114.5496;12.7277
921.8527;102.4281;113.9369;12.6597
916.8995;101.8777;113.3247;12.5916
911.9484;101.3276;112.7127;12.5236
907.0054;100.7784;112.1018;12.4558
902.0704;100.23;111.4919;12.388
897.146;99.6829;110.8832;12.3204
892.2297;99.1366;110.2756;12.2528
887.3155;98.5906;109.6682;12.1854
882.4359;98.0484;109.0651;12.1183
877.5648;97.5072;108.4631;12.0515
872.7114;96.9679;107.8632;11.9848
867.8602;96.4289;107.2636;11.9182
863.0169;95.8908;106.665;11.8517
858.2343;95.3594;106.0739;11.786
853.4796;94.8311;105.4862;11.7207
848.7282;94.3031;104.899;11.6554
843.9812;93.7757;104.3123;11.5903
839.2396;93.2488;103.7262;11.5251
834.5256;92.7251;103.1436;11.4604
829.8158;92.2018;102.5615;11.3957
825.1081;91.6787;101.9797;11.3311
820.4082;91.1565;101.3988;11.2665
815.7258;90.6362;100.82;11.2022
811.0512;90.1168;100.2423;11.138
806.3786;89.5976;99.6648;11.0739
801.728;89.0809;99.09;11.01
797.1024;88.5669;98.5183;10.9465
792.4788;88.0532;97.9468;10.883
787.8911;87.5435;97.3798;10.82
783.3437;87.0382;96.8178;10.7575
778.8226;86.5358;96.259;10.6954
774.3048;86.0339;95.7006;10.6334
769.7913;85.5324;95.1427;10.5714
765.3026;85.0336;94.588;10.5098
760.8158;84.5351;94.0334;10.4482
756.3454;84.0384;93.4809;10.3868
751.8828;83.5425;92.9293;10.3255
747.4608;83.0512;92.3828;10.2648
743.0626;82.5625;91.8392;10.2044
738.6663;82.074;91.2958;10.144
734.3042;81.5894;90.7567;10.0841
729.966;81.1073;90.2205;10.0245
725.6319;80.6258;89.6848;9.965
721.319;80.1466;89.1518;9.9058
717.0102;79.6678;88.6192;9.8466
712.7044;79.1894;88.0871;9.7875
708.4364;78.7152;87.5596;9.7288
704.169;78.241;87.0321;9.6702
699.9028;77.767;86.5048;9.6116
695.6522;77.2947;85.9795;9.5533
691.409;76.8232;85.455;9.495
687.2203;76.3578;84.9373;9.4375
683.0542;75.8949;84.4224;9.3803
678.8899;75.4322;83.9077;9.3231
674.7324;74.9703;83.3939;9.266
670.6029;74.5114;82.8835;9.2093
666.478;74.0531;82.3737;9.1526
662.357;73.5952;81.8644;9.096
658.2562;73.1396;81.3575;9.0397
654.1592;72.6844;80.8511;8.9835
650.065;72.2294;80.3451;8.9272
645.9911;71.7768;79.8416;8.8713
641.9336;71.326;79.3401;8.8156
637.8824;70.8758;78.8394;8.7599
633.8996;70.4333;78.3471;8.7052
629.9383;69.9931;77.8575;8.6508
625.9787;69.5532;77.3682;8.5965
622.0257;69.114;76.8796;8.5422
618.0944;68.6772;76.3937;8.4882
614.1679;68.2409;75.9084;8.4343
610.2595;67.8066;75.4253;8.3806
606.3742;67.3749;74.9451;8.3272
602.5005;66.9445;74.4664;8.274
598.6485;66.5165;73.9903;8.2211
594.8527;66.0947;73.5211;8.169
591.0773;65.6753;73.0545;8.1172
587.3035;65.2559;72.5881;8.0653
583.5332;64.837;72.1221;8.0136
579.7848;64.4205;71.6588;7.9621
576.0426;64.0047;71.1963;7.9107
572.3046;63.5894;70.7343;7.8594
568.5883;63.1765;70.275;7.8083
564.894;62.766;69.8184;7.7576
561.2022;62.3558;69.3621;7.7069
557.5534;61.9504;68.9111;7.6568
553.9367;61.5485;68.4641;7.6071
550.3275;61.1475;68.018;7.5576
546.7377;60.7486;67.5743;7.5083
543.1495;60.3499;67.1308;7.459
539.5645;59.9516;66.6877;7.4097
535.9965;59.5552;66.2468;7.3608
532.4323;59.1591;65.8062;7.3118
528.8741;58.7638;65.3665;7.2629
525.3532;58.3726;64.9313;7.2146
521.8429;57.9825;64.4974;7.1664
518.3735;57.5971;64.0686;7.1187
514.9346;57.215;63.6436;7.0715
511.5179;56.8353;63.2213;7.0246
508.1151;56.4572;62.8007;6.9779
504.7182;56.0798;62.3809;6.9312
501.3256;55.7028;61.9616;6.8846
497.9778;55.3309;61.5478;6.8386
494.6526;54.9614;61.1368;6.793
491.3461;54.594;60.7282;6.7476
488.044;54.2271;60.32;6.7022
484.7596;53.8622;59.9141;6.6571
481.4767;53.4974;59.5084;6.612
478.1992;53.1332;59.1033;6.567
474.9505;52.7723;58.7017;6.5224
471.715;52.4128;58.3018;6.478
468.4815;52.0535;57.9022;6.4336
465.2517;51.6946;57.503;6.3892
462.0805;51.3423;57.1111;6.3457
458.9189;50.991;56.7203;6.3023
455.7749;50.6417;56.3317;6.2591
452.6351;50.2928;55.9437;6.216
449.5122;49.9458;55.5577;6.1731
446.3907;49.599;55.1719;6.1302
443.2743;49.2527;54.7867;6.0874
440.1733;48.9081;54.4034;6.0448
437.0896;48.5655;54.0223;6.0025
434.0152;48.2239;53.6423;5.9603
430.9999;47.8889;53.2697;5.9189
427.9866;47.5541;52.8972;5.8775
424.9942;47.2216;52.5274;5.8364
422.0179;46.8909;52.1595;5.7955
419.0429;46.5603;51.7918;5.7546
416.0943;46.2327;51.4274;5.7142
413.1622;45.9069;51.065;5.6739
410.25;45.5833;50.7051;5.6339
407.3735;45.2637;50.3495;5.5944
404.4998;44.9444;49.9944;5.5549
401.6346;44.6261;49.6402;5.5156
398.7893;44.3099;49.2886;5.4765
395.9593;43.9955;48.9388;5.4376
393.1305;43.6812;48.5892;5.3988
390.3204;43.3689;48.2418;5.3602
387.543;43.0603;47.8986;5.3221
384.7739;42.7527;47.5563;5.284
382.0389;42.4488;47.2183;5.2465
379.3064;42.1452;46.8806;5.209
376.5893;41.8433;46.5447;5.1716
373.8734;41.5415;46.2091;5.1343
371.1721;41.2413;45.8752;5.0972
368.5;40.9444;45.5449;5.0605
365.8592;40.651;45.2186;5.0243
363.2201;40.3578;44.8924;4.988
360.6134;40.0682;44.5702;4.9522
358.0299;39.7811;44.2509;4.9168
355.4475;39.4942;43.9317;4.8813
352.879;39.2088;43.6143;4.846
350.3479;38.9275;43.3014;4.8113
347.8311;38.6479;42.9904;4.7767
345.3217;38.3691;42.6802;4.7422
342.8217;38.0913;42.3712;4.7079
340.3432;37.8159;42.0649;4.6739
337.8768;37.5419;41.7601;4.64
335.4146;37.2683;41.4557;4.6062
332.9534;36.9948;41.1515;4.5724
330.5054;36.7228;40.849;4.5388
328.0988;36.4554;40.5515;4.5057
325.7056;36.1895;40.2558;4.4729
323.3259;35.9251;39.9616;4.4402
320.9489;35.661;39.6678;4.4075
318.583;35.3981;39.3754;4.375
316.238;35.1376;39.0856;4.3428
313.8967;34.8774;38.7962;4.3107
311.5565;34.6174;38.507;4.2786
309.2289;34.3588;38.2193;4.2466
306.9353;34.1039;37.9358;4.2151
304.6698;33.8522;37.6558;4.184
302.4071;33.6008;37.3762;4.1529
300.1575;33.3508;37.0981;4.122
297.9225;33.1025;36.8219;4.0913
295.7048;32.8561;36.5478;4.0609
293.4881;32.6098;36.2738;4.0304
291.2833;32.3648;36.0013;4.0001
289.0938;32.1215;35.7307;3.9701
286.9128;31.8792;35.4611;3.9401
284.7528;31.6392;35.1942;3.9105
282.5963;31.3996;34.9276;3.8808
280.4421;31.1602;34.6614;3.8513
278.2982;30.922;34.3964;3.8218
276.173;30.6859;34.1337;3.7926
274.0644;30.4516;33.8731;3.7637
271.9566;30.2174;33.6126;3.7347
269.8602;29.9845;33.3535;3.7059
267.7783;29.7531;33.0962;3.6774
265.7101;29.5233;32.8406;3.649
263.654;29.2949;32.5864;3.6207
261.6001;29.0667;32.3326;3.5925
259.5496;28.8388;32.0792;3.5644
257.511;28.6123;31.8272;3.5364
255.498;28.3887;31.5784;3.5087
253.4883;28.1654;31.33;3.4811
251.4795;27.9422;31.0817;3.4535
249.4815;27.7202;30.8348;3.4261
247.4973;27.4997;30.5896;3.3988
245.5308;27.2812;30.3465;3.3718
243.5733;27.0637;30.1046;3.345
241.6182;26.8465;29.8629;3.3181
239.6759;26.6307;29.6229;3.2914
237.7449;26.4161;29.3842;3.2649
235.8308;26.2034;29.1476;3.2386
233.9199;25.9911;28.9115;3.2124
232.0098;25.7789;28.6754;3.1862
230.1101;25.5678;28.4406;3.1601
228.2234;25.3582;28.2074;3.1342
226.3461;25.1496;27.9754;3.1084
224.4718;24.9413;27.7437;3.0826
222.6085;24.7343;27.5134;3.057
220.7473;24.5275;27.2834;3.0315
218.9005;24.3223;27.0551;3.0061
217.0644;24.1183;26.8282;2.9809
215.2402;23.9156;26.6027;2.9559
213.4288;23.7143;26.3788;2.931
211.6272;23.5141;26.1562;2.9062
209.8263;23.314;25.9336;2.8815
208.0413;23.1157;25.713;2.857
206.2592;22.9177;25.4927;2.8325
204.4875;22.7208;25.2737;2.8082
202.7244;22.5249;25.0558;2.784
200.9643;22.3294;24.8383;2.7598
199.2144;22.1349;24.622;2.7358
197.4798;21.9422;24.4076;2.712
195.7575;21.7508;24.1947;2.6883
194.0445;21.5605;23.983;2.6648
192.3322;21.3702;23.7714;2.6413
190.6309;21.1812;23.5611;2.6179
188.9428;20.9936;23.3525;2.5947
187.2646;20.8072;23.1451;2.5717
185.5882;20.6209;22.9379;2.5487
183.9146;20.435;22.731;2.5257
182.2507;20.2501;22.5254;2.5028
180.6058;20.0673;22.3221;2.4802
178.9616;19.8846;22.1189;2.4577
177.3201;19.7022;21.916;2.4351
175.6848;19.5205;21.7139;2.4127
174.0522;19.3391;21.5121;2.3902
172.4202;19.1578;21.3104;2.3678
170.8026;18.9781;21.1104;2.3456
169.1975;18.7997;20.9121;2.3236
167.5998;18.6222;20.7146;2.3016
166.0041;18.4449;20.5174;2.2797
164.4262;18.2696;20.3223;2.258
162.8621;18.0958;20.129;2.2366
161.2988;17.9221;19.9358;2.2151
159.738;17.7487;19.7429;2.1937
158.183;17.5759;19.5507;2.1723
156.6306;17.4034;19.3588;2.151
155.0789;17.231;19.1671;2.1297
153.5466;17.0607;18.9777;2.1086
152.0169;16.8908;18.7886;2.0876
150.496;16.7218;18.6006;2.0667
148.9769;16.553;18.4129;2.0459
147.4766;16.3863;18.2274;2.0253
145.9859;16.2207;18.0432;2.0048
144.4959;16.0551;17.859;1.9843
143.014;15.8904;17.6759;1.964
141.5355;15.7262;17.4932;1.9437
140.065;15.5628;17.3114;1.9235
138.5952;15.3995;17.1297;1.9033
137.1383;15.2376;16.9497;1.8833
135.6837;15.076;16.7699;1.8633
134.2376;14.9153;16.5912;1.8435
132.797;14.7552;16.4131;1.8237
131.3647;14.5961;16.2361;1.804
129.9348;14.4372;16.0594;1.7844
128.5175;14.2797;15.8842;1.7649
127.1007;14.1223;15.7091;1.7455
125.6916;13.9657;15.5349;1.7261
124.2858;13.8095;15.3612;1.7068
122.8876;13.6542;15.1884;1.6876
121.4901;13.4989;15.0156;1.6684
120.1015;13.3446;14.844;1.6493
118.7301;13.1922;14.6745;1.6305
117.3603;13.04;14.5052;1.6117
115.9985;12.8887;14.3369;1.593
114.6389;12.7377;14.1688;1.5743
113.2963;12.5885;14.0029;1.5559
111.9543;12.4394;13.837;1.5374
110.6145;12.2905;13.6715;1.5191
109.2797;12.1422;13.5065;1.5007
107.9472;11.9941;13.3418;1.4824
106.6152;11.8461;13.1772;1.4641
105.2949;11.6994;13.014;1.446
103.9893;11.5544;12.8526;1.4281
102.6854;11.4095;12.6915;1.4102
101.3875;11.2653;12.531;1.3923
100.0996;11.1222;12.3719;1.3747
98.823;10.9803;12.2141;1.3571
97.547;10.8386;12.0564;1.3396
96.2731;10.697;11.8989;1.3221
95.0039;10.556;11.7421;1.3047
93.7369;10.4152;11.5855;1.2873
92.4704;10.2745;11.4289;1.2699
91.2183;10.1354;11.2742;1.2527
89.9735;9.9971;11.1203;1.2356
88.7308;9.859;10.9667;1.2185
87.4894;9.721;10.8133;1.2015
86.2553;9.5839;10.6608;1.1845
85.0307;9.4479;10.5094;1.1677
83.8141;9.3127;10.359;1.151
82.5979;9.1775;10.2087;1.1343
81.3883;9.0431;10.0592;1.1177
80.1873;8.9097;9.9108;1.1012
78.9967;8.7774;9.7636;1.0848
77.8132;8.6459;9.6174;1.0686
76.6315;8.5146;9.4713;1.0524
75.4557;8.384;9.326;1.0362
74.2866;8.2541;9.1815;1.0202
73.1196;8.1244;9.0372;1.0041
71.9627;7.9959;8.8943;0.9883
70.8063;7.8674;8.7513;0.9724
69.6562;7.7396;8.6092;0.9566
68.5142;7.6127;8.468;0.9409
67.3796;7.4866;8.3278;0.9253
66.2515;7.3613;8.1884;0.9098
65.1322;7.2369;8.0501;0.8945
64.0142;7.1127;7.9119;0.8791
62.9026;6.9892;7.7745;0.8638
61.7929;6.8659;7.6373;0.8486
60.6963;6.744;7.5018;0.8335
59.6056;6.6228;7.367;0.8186
58.5154;6.5017;7.2322;0.8036
57.427;6.3808;7.0977;0.7886
56.3481;6.2609;6.9644;0.7738
55.2756;6.1417;6.8318;0.7591
54.21;6.0233;6.7001;0.7445
53.1457;5.9051;6.5686;0.7298
52.0863;5.7874;6.4376;0.7153
51.0436;5.6715;6.3088;0.701
50.0066;5.5563;6.1806;0.6867
48.97;5.4411;6.0525;0.6725
47.9351;5.3261;5.9246;0.6583
46.9131;5.2126;5.7982;0.6442
45.8971;5.0997;5.6727;0.6303
44.8828;4.987;5.5473;0.6164
43.8696;4.8744;5.4221;0.6025
42.8623;4.7625;5.2976;0.5886
41.8685;4.6521;5.1748;0.575
40.8802;4.5422;5.0526;0.5614
39.8922;4.4325;4.9305;0.5478
38.9119;4.3235;4.8093;0.5344
37.9402;4.2156;4.6892;0.521
36.9741;4.1082;4.5698;0.5078
36.0097;4.0011;4.4506;0.4945
35.0544;3.8949;4.3326;0.4814
34.1095;3.7899;4.2158;0.4684
33.1697;3.6855;4.0996;0.4555
32.2303;3.5811;3.9835;0.4426
31.2982;3.4776;3.8683;0.4298
30.3721;3.3747;3.7539;0.4171
29.4514;3.2724;3.6401;0.4045
28.5431;3.1715;3.5278;0.392
27.6481;3.072;3.4172;0.3797
26.7579;2.9731;3.3072;0.3675
25.868;2.8742;3.1972;0.3552
24.9797;2.7755;3.0874;0.343
24.0991;2.6777;2.9785;0.3309
23.2236;2.5804;2.8703;0.3189
22.358;2.4842;2.7633;0.307
21.507;2.3897;2.6582;0.2954
20.6605;2.2956;2.5535;0.2837
19.8144;2.2016;2.449;0.2721
18.9697;2.1077;2.3446;0.2605
18.1395;2.0155;2.242;0.2491
17.3164;1.924;2.1402;0.2378
16.5053;1.8339;2.04;0.2267
15.6986;1.7443;1.9403;0.2156
14.8922;1.6547;1.8406;0.2045
14.1028;1.567;1.743;0.1937
13.3232;1.4804;1.6467;0.183
12.5519;1.3947;1.5514;0.1724
11.7849;1.3094;1.4566;0.1618
11.0181;1.2242;1.3618;0.1513
10.2658;1.1406;1.2688;0.141
9.5244;1.0583;1.1772;0.1308
8.7973;0.9775;1.0873;0.1208
8.082;0.898;0.9989;0.111
7.3754;0.8195;0.9116;0.1013
6.6841;0.7427;0.8261;0.0918
6.0064;0.6674;0.7424;0.0825
5.3346;0.5927;0.6593;0.0733
4.6757;0.5195;0.5779;0.0642
4.0314;0.4479;0.4983;0.0554
3.4049;0.3783;0.4208;0.0468
2.7908;0.3101;0.3449;0.0383
2.1974;0.2442;0.2716;0.0302
1.6135;0.1793;0.1994;0.0222
1.0492;0.1166;0.1297;0.0144
0.5114;0.0568;0.0632;0.007
0;0;0;0
0;0;0;0
